"STATION","DATE","LATITUDE","LONGITUDE","ELEVATION","NAME","TEMP","TEMP_ATTRIBUTES","DEWP","DEWP_ATTRIBUTES","SLP","SLP_ATTRIBUTES","STP","STP_ATTRIBUTES","VISIB","VISIB_ATTRIBUTES","WDSP","WDSP_ATTRIBUTES","MXSPD","GUST","MAX","MAX_ATTRIBUTES","MIN","MIN_ATTRIBUTES","PRCP","PRCP_ATTRIBUTES","SNDP","FRSHTT"
"47119099999","2021-01-01","37.2666666","126.9833333","35.0","SUWON, KS","  25.2"," 8","  17.0"," 8","1026.2"," 8","021.1"," 8","  9.4"," 8","  2.5"," 8","  4.9","999.9","  31.1","*","  13.3"," ","99.99"," ","999.9","001000"
"47119099999","2021-01-02","37.2666666","126.9833333","35.0","SUWON, KS","  22.6"," 8","   6.8"," 8","1031.8"," 8","026.6"," 8"," 12.4"," 8","  4.6"," 8","  8.7","999.9","  30.2","*","  14.4","*"," 0.00","I","999.9","000000"
"47119099999","2021-01-03","37.2666666","126.9833333","35.0","SUWON, KS","  22.0"," 8","  10.2"," 8","1034.5"," 8","029.2"," 8"," 11.6"," 8","  2.7"," 8","  5.1","999.9","  30.7","*","  13.8"," "," 0.00","I","999.9","000000"
"47119099999","2021-01-04","37.2666666","126.9833333","35.0","SUWON, KS","  28.4"," 8","  18.9"," 8","1030.3"," 8","025.2"," 8","  9.6"," 8","  3.0"," 8","  5.1","999.9","  32.9","*","  13.3"," ","99.99"," ","999.9","001000"
"47119099999","2021-01-05","37.2666666","126.9833333","35.0","SUWON, KS","  19.4"," 8","   4.5"," 8","1030.6"," 8","025.4"," 8"," 12.4"," 8","  4.9"," 8","  9.9","999.9","  25.9","*","   9.9","*"," 0.00","I","999.9","000000"
"47119099999","2021-01-06","37.2666666","126.9833333","35.0","SUWON, KS","  18.1"," 8","   4.9"," 8","1023.3"," 8","018.1"," 8","  9.5"," 8","  6.8"," 8"," 15.9","999.9","  26.2","*","   5.5","*"," 0.12","E","999.9","001000"
"47119099999","2021-01-07","37.2666666","126.9833333","35.0","SUWON, KS","   5.5"," 8","  -8.2"," 8","1027.7"," 8","022.3"," 8"," 12.4"," 8","  6.8"," 8","  9.7","999.9","  10.0","*","   0.1","*"," 0.12","E","999.9","000000"
"47119099999","2021-01-08","37.2666666","126.9833333","35.0","SUWON, KS","   6.1"," 8","  -7.0"," 8","1025.5"," 8","020.1"," 8"," 12.4"," 8","  3.6"," 8","  7.0","999.9","  12.4","*","  -1.1"," "," 0.00","I","999.9","000000"
"47119099999","2021-01-09","37.2666666","126.9833333","35.0","SUWON, KS","   9.9"," 8","  -0.5"," 8","1026.5"," 8","021.2"," 8"," 11.3"," 8","  2.9"," 8","  6.0","999.9","  17.6","*","  -1.5"," "," 0.00","I","999.9","000000"
"47119099999","2021-01-10","37.2666666","126.9833333","35.0","SUWON, KS","  17.8"," 8","   8.9"," 8","1029.0"," 8","023.8"," 8"," 10.1"," 8","  1.9"," 8","  2.9","999.9","  25.7","*","   1.8"," ","99.99"," ","999.9","001000"
"47119099999","2021-01-11","37.2666666","126.9833333","35.0","SUWON, KS","  19.5"," 8","  13.4"," 8","1024.7"," 8","019.5"," 8","  6.9"," 8","  1.5"," 8","  2.9","999.9","  25.0","*","   9.5"," "," 0.00","E","999.9","000000"
"47119099999","2021-01-12","37.2666666","126.9833333","35.0","SUWON, KS","  27.3"," 8","  24.7"," 8","1016.9"," 8","011.9"," 8","  3.5"," 8","  2.3"," 8","  5.1","999.9","  32.9","*","  12.2"," "," 0.08","E","999.9","101000"
"47119099999","2021-01-13","37.2666666","126.9833333","35.0","SUWON, KS","  35.8"," 8","  29.8"," 8","1017.5"," 8","012.5"," 8","  6.9"," 8","  4.2"," 8","  9.7","999.9","  47.5","*","  23.2"," "," 0.00","I","999.9","000000"
"47119099999","2021-01-14","37.2666666","126.9833333","35.0","SUWON, KS","  36.4"," 8","  19.4"," 8","1020.9"," 8","015.9"," 8"," 10.3"," 8","  3.5"," 8","  7.0","999.9","  45.0","*","  22.5"," "," 0.00","I","999.9","000000"
"47119099999","2021-01-15","37.2666666","126.9833333","35.0","SUWON, KS","  37.2"," 8","  31.4"," 8","1017.9"," 8","012.9"," 8","  6.8"," 8","  5.9"," 8"," 11.7","999.9","  50.0","*","  25.2","*"," 0.00","I","999.9","000000"
"47119099999","2021-01-16","37.2666666","126.9833333","35.0","SUWON, KS","  21.6"," 8","  10.6"," 8","1028.2"," 8","023.0"," 8"," 11.0"," 8","  5.2"," 8","  8.7","999.9","  27.5","*","  14.0","*"," 0.00","I","999.9","000000"
"47119099999","2021-01-17","37.2666666","126.9833333","35.0","SUWON, KS","  25.1"," 8","  16.9"," 8","1025.6"," 8","020.5"," 8","  8.6"," 8","  2.9"," 8","  4.9","999.9","  28.4","*","  12.0"," ","99.99"," ","999.9","001000"
"47119099999","2021-01-18","37.2666666","126.9833333","35.0","SUWON, KS","  23.1"," 8","  12.6"," 8","1024.5"," 8","019.3"," 8","  9.9"," 8","  5.8"," 8"," 10.7","999.9","  33.1","*","  11.1","*"," 0.04","E","999.9","001000"
"47119099999","2021-01-19","37.2666666","126.9833333","35.0","SUWON, KS","  21.9"," 8","   6.4"," 8","1033.1"," 8","027.9"," 8"," 12.0"," 8","  1.9"," 8","  2.9","999.9","  29.3","*","  10.2"," "," 0.00","I","999.9","000000"
"47119099999","2021-01-20","37.2666666","126.9833333","35.0","SUWON, KS","  35.3"," 8","  14.8"," 8","1028.7"," 8","023.6"," 8"," 11.7"," 8","  2.7"," 8","  6.8","999.9","  44.6","*","  16.5"," "," 0.00","I","999.9","000000"
"47119099999","2021-01-21","37.2666666","126.9833333","35.0","SUWON, KS","  41.1"," 8","  36.1"," 8","1021.6"," 8","016.6"," 8","  4.0"," 8","  1.7"," 8","  4.1","999.9","  46.9"," ","  31.6"," "," 0.31","E","999.9","110000"
"47119099999","2021-01-22","37.2666666","126.9833333","35.0","SUWON, KS","  41.9"," 8","  40.8"," 8","1019.9"," 8","015.0"," 8","  4.9"," 8","  2.1"," 8","  3.9","999.9","  45.0","*","  37.8","*"," 0.04","E","999.9","000000"
"47119099999","2021-01-23","37.2666666","126.9833333","35.0","SUWON, KS","  46.7"," 8","  35.6"," 8","1021.3"," 8","016.4"," 8"," 12.4"," 8","  4.9"," 8","  8.0","999.9","  53.8","*","  35.4"," "," 0.00","I","999.9","000000"
"47119099999","2021-01-24","37.2666666","126.9833333","35.0","SUWON, KS","  43.0"," 8","  34.1"," 8","1027.2"," 8","022.2"," 8"," 11.0"," 8","  1.8"," 8","  6.0","999.9","  54.5","*","  34.2","*"," 0.00","I","999.9","000000"
"47119099999","2021-01-25","37.2666666","126.9833333","35.0","SUWON, KS","  45.6"," 8","  34.7"," 8","1023.9"," 8","019.0"," 8","  9.7"," 8","  3.5"," 8","  8.0","999.9","  57.2","*","  33.1"," "," 0.00","I","999.9","000000"
"47119099999","2021-01-26","37.2666666","126.9833333","35.0","SUWON, KS","  37.5"," 8","  35.7"," 8","1021.4"," 8","016.4"," 8","  4.7"," 8","  2.5"," 8","  5.1","999.9","  43.7","*","  30.2","*"," 0.17","F","999.9","010000"
"47119099999","2021-01-27","37.2666666","126.9833333","35.0","SUWON, KS","  34.5"," 8","  19.3"," 8","1022.3"," 8","017.3"," 8"," 12.0"," 8","  2.7"," 8","  6.8","999.9","  43.2","*","  27.7"," "," 0.00","I","999.9","000000"
"47119099999","2021-01-28","37.2666666","126.9833333","35.0","SUWON, KS","  23.0"," 8","   9.7"," 8","1020.4"," 8","015.2"," 8"," 11.7"," 8"," 10.3"," 8"," 15.5","999.9","  34.3","*","  13.6","*"," 0.08","E","999.9","001000"
"47119099999","2021-01-29","37.2666666","126.9833333","35.0","SUWON, KS","  19.8"," 8","   4.0"," 8","1027.1"," 8","021.9"," 8"," 12.4"," 8","  5.2"," 8","  8.9","999.9","  23.7","*","  12.2"," ","99.99"," ","999.9","001000"
"47119099999","2021-01-30","37.2666666","126.9833333","35.0","SUWON, KS","  30.7"," 8","  24.1"," 8","1027.4"," 8","022.3"," 8","  8.5"," 8","  2.8"," 8","  9.7","999.9","  42.8","*","  16.9"," ","99.99"," ","999.9","001000"
"47119099999","2021-01-31","37.2666666","126.9833333","35.0","SUWON, KS","  43.1"," 8","  32.7"," 8","1023.4"," 8","018.4"," 8","  9.9"," 8","  3.1"," 8","  5.8","999.9","  50.2","*","  21.6"," ","99.99"," ","999.9","010000"
"47119099999","2021-02-01","37.2666666","126.9833333","35.0","SUWON, KS","  36.4"," 8","  28.8"," 8","1019.2"," 8","014.2"," 8","  5.4"," 8","  6.2"," 8","  8.7","999.9","  47.7","*","  21.6","*"," 0.08","E","999.9","000000"
"47119099999","2021-02-02","37.2666666","126.9833333","35.0","SUWON, KS","  21.1"," 8","   8.1"," 8","1027.9"," 8","022.7"," 8"," 11.5"," 8","  5.3"," 8","  8.7","999.9","  25.9","*","  13.8","*","99.99"," ","999.9","001000"
"47119099999","2021-02-03","37.2666666","126.9833333","35.0","SUWON, KS","  28.6"," 8","  18.7"," 8","1025.2"," 8","020.0"," 8"," 10.8"," 8","  4.5"," 8","  8.0","999.9","  34.7","*","  13.5"," "," 0.00","E","999.9","001000"
"47119099999","2021-02-04","37.2666666","126.9833333","35.0","SUWON, KS","  24.6"," 8","  11.3"," 8","1027.7"," 8","022.6"," 8"," 12.4"," 8","  2.8"," 8","  5.8","999.9","  30.7","*","  17.6"," "," 0.20","E","999.9","000000"
"47119099999","2021-02-05","37.2666666","126.9833333","35.0","SUWON, KS","  36.3"," 8","  27.6"," 8","1019.2"," 8","014.2"," 8"," 11.9"," 8","  2.9"," 8","  5.1","999.9","  42.8","*","  20.5"," "," 0.00","I","999.9","000000"
"47119099999","2021-02-06","37.2666666","126.9833333","35.0","SUWON, KS","  44.0"," 8","  40.5"," 8","1016.4"," 8","011.5"," 8","  4.0"," 8","  3.3"," 8","  5.8","999.9","  49.5","*","  33.4"," "," 0.00","I","999.9","000000"
"47119099999","2021-02-07","37.2666666","126.9833333","35.0","SUWON, KS","  33.7"," 8","  23.9"," 8","1023.8"," 8","018.7"," 8","  8.4"," 8","  4.4"," 8","  8.0","999.9","  42.3","*","  23.9","*"," 0.00","I","999.9","100000"
"47119099999","2021-02-08","37.2666666","126.9833333","35.0","SUWON, KS","  26.3"," 8","   8.1"," 8","1029.8"," 8","024.7"," 8"," 12.4"," 8","  5.7"," 8"," 11.1","999.9","  32.0","*","  19.6","*"," 0.00","I","999.9","000000"
"47119099999","2021-02-09","37.2666666","126.9833333","35.0","SUWON, KS","  30.6"," 7","  18.0"," 7","1028.2"," 7","023.1"," 7"," 12.4"," 7","  2.4"," 7","  6.8","999.9","  38.3","*","  18.7"," "," 0.00","I","999.9","000000"
"47119099999","2021-02-10","37.2666666","126.9833333","35.0","SUWON, KS","  39.9"," 4","  31.9"," 4","1025.3"," 4","020.3"," 4"," 10.9"," 4","  3.2"," 4","  4.9","999.9","  44.6","*","  25.9"," "," 0.00","I","999.9","000000"
"47119099999","2021-02-13","37.2666666","126.9833333","35.0","SUWON, KS","  39.1"," 4","  33.8"," 4","1020.9"," 4","015.9"," 4","  3.1"," 4","  1.9"," 4","  2.7","999.9","  41.4","*","  36.9","*","99.99"," ","999.9","010000"
"47119099999","2021-02-14","37.2666666","126.9833333","35.0","SUWON, KS","  47.0"," 8","  34.8"," 8","1012.9"," 8","008.0"," 8","  4.0"," 8","  2.1"," 8","  5.1","999.9","  56.3","*","  36.3"," ","99.99"," ","999.9","010000"
"47119099999","2021-02-15","37.2666666","126.9833333","35.0","SUWON, KS","  29.1"," 8","  19.0"," 8","1014.6"," 8","009.6"," 8"," 11.3"," 8","  8.6"," 8"," 13.0","999.9","  37.6","*","  19.9","*"," 0.02","E","999.9","000000"
"47119099999","2021-02-16","37.2666666","126.9833333","35.0","SUWON, KS","  22.1"," 8","  11.5"," 8","1017.8"," 8","012.7"," 8"," 10.0"," 8","  6.9"," 8"," 11.1","999.9","  27.0","*","  14.7","*"," 0.08","E","999.9","001000"
"47119099999","2021-02-17","37.2666666","126.9833333","35.0","SUWON, KS","  17.4"," 8","   2.9"," 8","1020.5"," 8","015.3"," 8"," 12.4"," 8","  9.4"," 8"," 12.6","999.9","  22.1","*","  14.4"," "," 0.00","I","999.9","000000"
"47119099999","2021-02-18","37.2666666","126.9833333","35.0","SUWON, KS","  23.2"," 8","  10.6"," 8","1023.2"," 8","018.0"," 8"," 12.1"," 8","  4.5"," 8","  8.0","999.9","  29.8","*","  14.2"," "," 0.00","I","999.9","000000"
"47119099999","2021-02-19","37.2666666","126.9833333","35.0","SUWON, KS","  39.9"," 5","  30.0"," 5","1016.7"," 5","011.8"," 5"," 10.1"," 5","  5.6"," 5"," 10.7","999.9","  47.7","*","  17.4"," "," 0.00","I","999.9","000000"
"47119099999","2021-02-21","37.2666666","126.9833333","35.0","SUWON, KS","  50.3"," 7","  40.6"," 7","1010.2"," 7","005.4"," 7","  8.5"," 7","  4.1"," 7","  9.7","999.9","  64.4","*","  35.1"," "," 0.00","I","999.9","000000"
"47119099999","2021-02-22","37.2666666","126.9833333","35.0","SUWON, KS","  41.1"," 8","  25.7"," 8","1019.0"," 8","014.0"," 8","  9.5"," 8","  5.9"," 8","  8.7","999.9","  53.6","*","  28.8","*"," 0.00","I","999.9","000000"
"47119099999","2021-02-23","37.2666666","126.9833333","35.0","SUWON, KS","  32.1"," 8","  12.5"," 8","1026.7"," 8","021.6"," 8"," 12.2"," 8","  4.4"," 8","  7.8","999.9","  38.3","*","  27.5"," "," 0.00","I","999.9","000000"
"47119099999","2021-02-24","37.2666666","126.9833333","35.0","SUWON, KS","  36.0"," 8","  17.3"," 8","1025.2"," 8","020.2"," 8"," 11.0"," 8","  2.2"," 8","  5.1","999.9","  47.7","*","  28.2"," "," 0.00","I","999.9","000000"
"47119099999","2021-02-25","37.2666666","126.9833333","35.0","SUWON, KS","  38.7"," 8","  23.5"," 8","1023.7"," 8","018.7"," 8","  9.2"," 8","  1.6"," 8","  3.9","999.9","  46.6","*","  28.0"," "," 0.00","I","999.9","000000"
"47119099999","2021-02-26","37.2666666","126.9833333","35.0","SUWON, KS","  48.8"," 8","  22.6"," 8","1024.9"," 8","020.0"," 8"," 12.2"," 8","  3.4"," 8","  5.8","999.9","  58.5","*","  29.7"," "," 0.00","I","999.9","000000"
"47119099999","2021-02-27","37.2666666","126.9833333","35.0","SUWON, KS","  47.2"," 8","  29.9"," 8","1028.9"," 8","024.0"," 8"," 12.4"," 8","  6.0"," 8","  9.9","999.9","  58.1","*","  36.9","*"," 0.00","I","999.9","000000"
"47119099999","2021-02-28","37.2666666","126.9833333","35.0","SUWON, KS","  46.1"," 8","  32.7"," 8","1024.0"," 8","019.1"," 8"," 10.3"," 8","  2.3"," 8","  7.8","999.9","  50.7","*","  33.6"," ","99.99"," ","999.9","010000"
"47119099999","2021-03-01","37.2666666","126.9833333","35.0","SUWON, KS","  38.8"," 8","  37.9"," 8","1015.2"," 8","010.3"," 8","  6.8"," 8","  4.1"," 8","  5.8","999.9","  45.9","*","  32.9","*"," 2.72","F","999.9","011000"
"47119099999","2021-03-02","37.2666666","126.9833333","35.0","SUWON, KS","  35.1"," 8","  30.0"," 8","1028.0"," 8","023.0"," 8","  9.7"," 8","  2.1"," 8","  5.1","999.9","  43.0","*","  28.9","*"," 0.08","E","999.9","000000"
"47119099999","2021-03-03","37.2666666","126.9833333","35.0","SUWON, KS","  39.6"," 8","  30.4"," 8","1028.5"," 8","023.5"," 8","  8.7"," 8","  2.2"," 8","  5.1","999.9","  46.8","*","  28.2"," "," 0.00","I","999.9","000000"
"47119099999","2021-03-04","37.2666666","126.9833333","35.0","SUWON, KS","  44.0"," 8","  35.1"," 8","1023.1"," 8","018.2"," 8","  8.7"," 8","  2.5"," 8","  5.8","999.9","  52.9","*","  32.7"," "," 0.00","I","999.9","000000"
"47119099999","2021-03-05","37.2666666","126.9833333","35.0","SUWON, KS","  46.5"," 8","  39.8"," 8","1022.4"," 8","017.5"," 8","  5.8"," 8","  3.6"," 8","  8.0","999.9","  59.0","*","  33.8"," "," 0.00","I","999.9","100000"
"47119099999","2021-03-06","37.2666666","126.9833333","35.0","SUWON, KS","  44.1"," 8","  33.6"," 8","1028.5"," 8","023.5"," 8"," 10.8"," 8","  6.5"," 8","  9.9","999.9","  52.9","*","  37.9","*"," 0.00","I","999.9","000000"
"47119099999","2021-03-07","37.2666666","126.9833333","35.0","SUWON, KS","  40.8"," 8","  34.4"," 8","1028.2"," 8","023.2"," 8","  7.4"," 8","  3.2"," 8","  6.0","999.9","  50.4","*","  32.2","*"," 0.00","I","999.9","000000"
"47119099999","2021-03-08","37.2666666","126.9833333","35.0","SUWON, KS","  40.9"," 8","  32.1"," 8","1026.9"," 8","021.9"," 8","  6.8"," 8","  2.5"," 8","  4.1","999.9","  54.9","*","  29.8"," "," 0.00","I","999.9","100000"
"47119099999","2021-03-09","37.2666666","126.9833333","35.0","SUWON, KS","  41.6"," 8","  30.3"," 8","1026.9"," 8","021.9"," 8","  6.8"," 8","  3.9"," 8","  7.8","999.9","  52.0","*","  31.1"," "," 0.00","I","999.9","000000"
"47119099999","2021-03-10","37.2666666","126.9833333","35.0","SUWON, KS","  45.7"," 8","  35.6"," 8","1028.7"," 8","023.8"," 8","  4.9"," 8","  2.2"," 8","  5.1","999.9","  59.2","*","  31.5"," "," 0.00","I","999.9","000000"
"47119099999","2021-03-11","37.2666666","126.9833333","35.0","SUWON, KS","  49.7"," 8","  33.1"," 8","1024.6"," 8","019.7"," 8","  5.7"," 8","  2.1"," 8","  4.1","999.9","  61.2","*","  34.7"," ","99.99"," ","999.9","010000"
"47119099999","2021-03-12","37.2666666","126.9833333","35.0","SUWON, KS","  47.6"," 8","  39.0"," 8","1022.4"," 8","017.5"," 8","  8.1"," 8","  2.5"," 8","  5.1","999.9","  54.0","*","  37.9","*"," 0.01","E","999.9","010000"
"47119099999","2021-03-13","37.2666666","126.9833333","35.0","SUWON, KS","  45.8"," 8","  37.5"," 8","1021.2"," 8","016.3"," 8","  6.6"," 8","  3.1"," 8","  7.8","999.9","  57.2","*","  35.2","*"," 0.00","I","999.9","000000"
"47119099999","2021-03-14","37.2666666","126.9833333","35.0","SUWON, KS","  45.4"," 8","  39.4"," 8","1020.4"," 8","015.5"," 8","  4.1"," 8","  2.6"," 8","  5.8","999.9","  54.9","*","  34.9"," "," 0.00","I","999.9","000000"
"47119099999","2021-03-15","37.2666666","126.9833333","35.0","SUWON, KS","  52.0"," 8","  43.0"," 8","1015.2"," 8","010.4"," 8","  5.4"," 8","  5.0"," 8","  8.0","999.9","  59.9","*","  36.1"," ","99.99"," ","999.9","010000"
"47119099999","2021-03-16","37.2666666","126.9833333","35.0","SUWON, KS","  43.0"," 8","  27.2"," 8","1017.8"," 8","012.9"," 8"," 11.7"," 8","  5.1"," 8","  9.7","999.9","  50.4","*","  34.9","*"," 0.12","E","999.9","000000"
"47119099999","2021-03-17","37.2666666","126.9833333","35.0","SUWON, KS","  45.3"," 8","  31.6"," 8","1020.0"," 8","015.1"," 8"," 11.0"," 8","  2.7"," 8","  6.0","999.9","  60.3","*","  32.9"," "," 0.00","I","999.9","000000"
"47119099999","2021-03-18","37.2666666","126.9833333","35.0","SUWON, KS","  53.0"," 8","  37.4"," 8","1019.7"," 8","014.8"," 8","  8.7"," 8","  2.3"," 8","  5.1","999.9","  64.8","*","  34.2"," "," 0.00","I","999.9","000000"
"47119099999","2021-03-19","37.2666666","126.9833333","35.0","SUWON, KS","  57.9"," 8","  39.3"," 8","1017.5"," 8","012.7"," 8"," 12.4"," 8","  5.0"," 8","  7.8","999.9","  65.1","*","  48.2"," "," 0.00","I","999.9","000000"
"47119099999","2021-03-20","37.2666666","126.9833333","35.0","SUWON, KS","  44.8"," 8","  42.8"," 8","1013.5"," 8","008.6"," 8","  5.4"," 8","  4.7"," 8","  6.8","999.9","  49.5","*","  40.5","*"," 0.17","F","999.9","010000"
"47119099999","2021-03-21","37.2666666","126.9833333","35.0","SUWON, KS","  40.9"," 8","  30.8"," 8","1017.5"," 8","012.6"," 8"," 10.3"," 8","  7.7"," 8"," 13.6","999.9","  46.4","*","  34.9","*"," 0.00","I","999.9","000000"
"47119099999","2021-03-22","37.2666666","126.9833333","35.0","SUWON, KS","  42.6"," 8","  32.5"," 8","1021.5"," 8","016.6"," 8","  8.7"," 8","  4.7"," 8"," 10.7","999.9","  50.9","*","  33.8"," "," 0.00","I","999.9","000000"
"47119099999","2021-03-23","37.2666666","126.9833333","35.0","SUWON, KS","  48.9"," 8","  38.3"," 8","1021.1"," 8","016.2"," 8","  9.1"," 8","  4.4"," 8","  9.7","999.9","  59.4","*","  34.7"," "," 0.00","I","999.9","000000"
"47119099999","2021-03-24","37.2666666","126.9833333","35.0","SUWON, KS","  51.2"," 8","  40.7"," 8","1020.6"," 8","015.8"," 8"," 11.0"," 8","  3.8"," 8","  9.9","999.9","  63.0","*","  39.2"," "," 0.00","I","999.9","000000"
"47119099999","2021-03-25","37.2666666","126.9833333","35.0","SUWON, KS","  49.5"," 8","  43.2"," 8","1022.2"," 8","017.4"," 8","  4.3"," 8","  3.9"," 8","  8.0","999.9","  63.9","*","  40.1","*"," 0.00","I","999.9","100000"
"47119099999","2021-03-26","37.2666666","126.9833333","35.0","SUWON, KS","  54.6"," 8","  39.0"," 8","1019.5"," 8","014.7"," 8","  5.4"," 8","  1.6"," 8","  2.9","999.9","  67.6","*","  39.7"," "," 0.00","I","999.9","000000"
"47119099999","2021-03-27","37.2666666","126.9833333","35.0","SUWON, KS","  53.9"," 8","  49.5"," 8","1006.3"," 8","001.5"," 8","  5.1"," 8","  5.9"," 8","  9.9","999.9","  58.8","*","  44.1"," "," 0.59","E","999.9","010000"
"47119099999","2021-03-28","37.2666666","126.9833333","35.0","SUWON, KS","  47.8"," 8","  46.9"," 8","1005.3"," 8","000.5"," 8","  5.3"," 8","  5.1"," 8","  7.0","999.9","  49.8","*","  45.9","*"," 0.36","F","999.9","010000"
"47119099999","2021-03-29","37.2666666","126.9833333","35.0","SUWON, KS","  47.4"," 8","  37.0"," 8","1010.3"," 8","005.5"," 8","  5.5"," 8","  3.7"," 8","  7.8","999.9","  57.4","*","  35.4","*"," 0.02","E","999.9","000000"
"47119099999","2021-03-30","37.2666666","126.9833333","35.0","SUWON, KS","  49.7"," 8","  31.0"," 7","1013.9"," 8","009.1"," 8"," 10.8"," 8","  3.3"," 8","  8.7","999.9","  63.9","*","  34.9"," "," 0.00","I","999.9","000000"
"47119099999","2021-03-31","37.2666666","126.9833333","35.0","SUWON, KS","  57.3"," 8","  38.0"," 8","1014.9"," 8","010.2"," 8"," 10.0"," 8","  1.8"," 8","  4.1","999.9","  71.1","*","  36.0"," "," 0.00","I","999.9","000000"
"47119099999","2021-04-01","37.2666666","126.9833333","35.0","SUWON, KS","  64.0"," 8","  32.6"," 8","1019.4"," 8","014.7"," 8"," 12.4"," 8","  8.7"," 8","  9.9","999.9","  74.7","*","  46.2"," "," 0.00","I","999.9","000000"
"47119099999","2021-04-02","37.2666666","126.9833333","35.0","SUWON, KS","  65.3"," 8","  43.2"," 8","1017.7"," 8","013.0"," 8"," 11.9"," 8","  4.1"," 8","  9.7","999.9","  70.7","*","  55.2"," "," 0.00","I","999.9","000000"
"47119099999","2021-04-03","37.2666666","126.9833333","35.0","SUWON, KS","  56.3"," 8","  54.0"," 8","1011.2"," 8","006.5"," 8","  7.8"," 8","  3.2"," 8","  5.1","999.9","  63.9","*","  50.0","*"," 1.54","E","999.9","010000"
"47119099999","2021-04-04","37.2666666","126.9833333","35.0","SUWON, KS","  52.5"," 8","  39.7"," 8","1018.5"," 8","013.7"," 8"," 12.4"," 8","  3.5"," 8","  6.0","999.9","  59.2","*","  43.7","*"," 0.35","E","999.9","000000"
"47119099999","2021-04-05","37.2666666","126.9833333","35.0","SUWON, KS","  52.2"," 8","  33.4"," 8","1022.1"," 8","017.3"," 8"," 11.7"," 8","  2.8"," 8","  7.0","999.9","  63.5","*","  42.4"," "," 0.00","I","999.9","000000"
"47119099999","2021-04-06","37.2666666","126.9833333","35.0","SUWON, KS","  53.2"," 8","  39.8"," 8","1020.7"," 8","015.9"," 8","  6.8"," 8","  4.2"," 8","  7.8","999.9","  63.0","*","  41.2","*"," 0.00","I","999.9","000000"
"47119099999","2021-04-07","37.2666666","126.9833333","35.0","SUWON, KS","  54.6"," 8","  39.1"," 8","1019.2"," 8","014.4"," 8","  9.2"," 8","  3.2"," 8","  8.7","999.9","  67.1","*","  41.0"," "," 0.00","I","999.9","000000"
"47119099999","2021-04-08","37.2666666","126.9833333","35.0","SUWON, KS","  52.3"," 8","  34.3"," 8","1019.8"," 8","014.9"," 8"," 11.7"," 8","  4.0"," 8"," 10.7","999.9","  61.7","*","  40.6"," "," 0.00","I","999.9","000000"
"47119099999","2021-04-09","37.2666666","126.9833333","35.0","SUWON, KS","  55.4"," 8","  35.9"," 8","1026.7"," 8","021.9"," 8"," 12.4"," 8","  5.3"," 8","  8.0","999.9","  64.4","*","  39.2"," "," 0.00","I","999.9","000000"
"47119099999","2021-04-10","37.2666666","126.9833333","35.0","SUWON, KS","  51.7"," 8","  39.9"," 8","1031.2"," 8","026.3"," 8","  9.7"," 8","  3.2"," 8","  7.8","999.9","  62.8","*","  40.6","*"," 0.00","I","999.9","000000"
"47119099999","2021-04-11","37.2666666","126.9833333","35.0","SUWON, KS","  60.3"," 8","  41.3"," 8","1027.5"," 8","022.7"," 8","  9.7"," 8","  2.5"," 8","  7.0","999.9","  69.8","*","  40.5"," "," 0.00","I","999.9","000000"
"47119099999","2021-04-12","37.2666666","126.9833333","35.0","SUWON, KS","  55.2"," 8","  49.6"," 8","1013.9"," 8","009.1"," 8","  6.5"," 8","  5.4"," 8","  9.7","999.9","  63.1","*","  50.0","*"," 0.55","E","999.9","010000"
"47119099999","2021-04-13","37.2666666","126.9833333","35.0","SUWON, KS","  45.9"," 8","  38.9"," 8","1016.1"," 8","011.2"," 8"," 12.0"," 8","  5.8"," 8"," 12.6","999.9","  52.9","*","  37.9","*"," 0.55","E","999.9","000000"
"47119099999","2021-04-14","37.2666666","126.9833333","35.0","SUWON, KS","  46.7"," 8","  34.5"," 8","1020.3"," 8","015.4"," 8"," 10.0"," 8","  4.8"," 8"," 10.7","999.9","  54.9","*","  37.4"," "," 0.00","I","999.9","000000"
"47119099999","2021-04-15","37.2666666","126.9833333","35.0","SUWON, KS","  52.7"," 8","  40.1"," 8","1017.7"," 8","012.9"," 8"," 10.0"," 8","  3.1"," 8","  5.8","999.9","  63.9","*","  39.7"," ","99.99"," ","999.9","010000"
"47119099999","2021-04-16","37.2666666","126.9833333","35.0","SUWON, KS","  48.4"," 8","  42.8"," 8","1016.7"," 8","011.8"," 8","  7.1"," 8","  2.8"," 8","  6.0","999.9","  56.5","*","  38.8","*"," 0.02","E","999.9","010000"
"47119099999","2021-04-17","37.2666666","126.9833333","35.0","SUWON, KS","  49.1"," 8","  37.4"," 8","1015.2"," 8","010.3"," 8"," 11.6"," 8","  6.7"," 8"," 11.7","999.9","  55.8","*","  38.8"," "," 0.00","I","999.9","000000"
"47119099999","2021-04-18","37.2666666","126.9833333","35.0","SUWON, KS","  48.1"," 8","  39.4"," 8","1017.6"," 8","012.7"," 8"," 10.2"," 8","  5.1"," 8","  9.7","999.9","  56.3","*","  40.6","*"," 0.00","I","999.9","000000"
"47119099999","2021-04-19","37.2666666","126.9833333","35.0","SUWON, KS","  53.6"," 8","  43.3"," 8","1018.6"," 8","013.8"," 8","  8.5"," 8","  3.4"," 8","  7.8","999.9","  63.5","*","  40.3"," "," 0.00","I","999.9","000000"
"47119099999","2021-04-20","37.2666666","126.9833333","35.0","SUWON, KS","  56.7"," 8","  41.4"," 8","1021.8"," 8","017.0"," 8"," 10.3"," 8","  2.9"," 8","  6.8","999.9","  69.1","*","  42.4"," "," 0.00","I","999.9","000000"
"47119099999","2021-04-21","37.2666666","126.9833333","35.0","SUWON, KS","  66.9"," 8","  42.6"," 8","1021.1"," 8","016.4"," 8","  8.9"," 8","  3.0"," 8","  5.1","999.9","  81.0","*","  45.5"," "," 0.00","I","999.9","000000"
"47119099999","2021-04-22","37.2666666","126.9833333","35.0","SUWON, KS","  69.6"," 8","  44.8"," 8","1018.4"," 8","013.8"," 8","  9.4"," 8","  4.2"," 8","  7.8","999.9","  80.1","*","  57.4"," ","99.99"," ","999.9","010000"
"47119099999","2021-04-23","37.2666666","126.9833333","35.0","SUWON, KS","  67.5"," 8","  37.6"," 8","1019.5"," 8","014.8"," 8"," 12.4"," 8","  7.1"," 8"," 12.0","999.9","  72.9","*","  60.3","*"," 0.00","I","999.9","000000"
"47119099999","2021-04-24","37.2666666","126.9833333","35.0","SUWON, KS","  60.6"," 8","  45.0"," 8","1019.7"," 8","014.9"," 8"," 10.0"," 8","  2.8"," 8","  5.1","999.9","  70.5","*","  50.0","*"," 0.00","I","999.9","000000"
"47119099999","2021-04-25","37.2666666","126.9833333","35.0","SUWON, KS","  64.3"," 8","  43.9"," 8","1019.9"," 8","015.2"," 8"," 12.4"," 8","  5.7"," 8","  9.7","999.9","  72.9","*","  48.6"," "," 0.00","I","999.9","000000"
"47119099999","2021-04-26","37.2666666","126.9833333","35.0","SUWON, KS","  59.0"," 8","  46.3"," 8","1020.9"," 8","016.2"," 8"," 10.6"," 8","  3.1"," 8","  6.8","999.9","  67.5","*","  50.9","*"," 0.00","I","999.9","000000"
"47119099999","2021-04-27","37.2666666","126.9833333","35.0","SUWON, KS","  59.6"," 8","  49.0"," 8","1017.6"," 8","012.9"," 8","  9.5"," 8","  4.5"," 8","  8.9","999.9","  66.6","*","  49.1"," ","99.99"," ","999.9","010000"
"47119099999","2021-04-28","37.2666666","126.9833333","35.0","SUWON, KS","  57.2"," 8","  47.9"," 8","1014.7"," 8","010.0"," 8","  9.1"," 8","  2.2"," 8","  6.8","999.9","  63.5","*","  50.9","*"," 0.08","E","999.9","000000"
"47119099999","2021-04-29","37.2666666","126.9833333","35.0","SUWON, KS","  57.7"," 8","  44.3"," 8","1003.6"," 8","998.8"," 8"," 10.0"," 8","  4.1"," 8","  6.8","999.9","  67.1","*","  46.6","*","99.99"," ","999.9","010000"
"47119099999","2021-04-30","37.2666666","126.9833333","35.0","SUWON, KS","  51.4"," 8","  48.7"," 8","1006.1"," 8","001.3"," 8","  6.4"," 8","  3.6"," 8","  5.1","999.9","  57.4","*","  46.2"," "," 1.16","F","999.9","010000"
"47119099999","2021-05-01","37.2666666","126.9833333","35.0","SUWON, KS","  50.5"," 8","  45.6"," 8","1008.3"," 8","003.5"," 8"," 11.7"," 8","  6.4"," 8","  9.7","999.9","  57.0","*","  46.2","*"," 0.35","F","999.9","010000"
"47119099999","2021-05-02","37.2666666","126.9833333","35.0","SUWON, KS","  52.9"," 8","  44.6"," 8","1018.7"," 8","013.9"," 8"," 10.9"," 8","  3.9"," 8","  8.7","999.9","  62.6","*","  45.0","*"," 0.08","E","999.9","000000"
"47119099999","2021-05-03","37.2666666","126.9833333","35.0","SUWON, KS","  57.7"," 8","  45.2"," 8","1017.1"," 8","012.4"," 8"," 12.2"," 8","  2.6"," 8","  6.0","999.9","  67.5","*","  43.3"," "," 0.00","I","999.9","000000"
"47119099999","2021-05-04","37.2666666","126.9833333","35.0","SUWON, KS","  59.2"," 8","  56.3"," 8","1007.9"," 8","003.2"," 8","  7.3"," 8","  4.4"," 8","  8.0","999.9","  64.4","*","  50.2"," "," 0.43","E","999.9","010000"
"47119099999","2021-05-05","37.2666666","126.9833333","35.0","SUWON, KS","  54.5"," 8","  43.0"," 8","1015.9"," 8","011.1"," 8"," 11.3"," 8","  4.8"," 8","  9.9","999.9","  64.4","*","  45.1","*"," 0.31","E","999.9","000000"
"47119099999","2021-05-06","37.2666666","126.9833333","35.0","SUWON, KS","  61.8"," 8","  40.3"," 8","1013.1"," 8","008.4"," 8"," 12.3"," 8","  4.1"," 8","  7.8","999.9","  72.0","*","  43.2"," "," 0.00","I","999.9","000000"
"47119099999","2021-05-07","37.2666666","126.9833333","35.0","SUWON, KS","  54.2"," 8","  45.8"," 8","1007.1"," 8","002.4"," 8","  4.0"," 8","  5.0"," 8"," 10.7","999.9","  62.1","*","  46.4","*"," 0.35","E","999.9","010000"
"47119099999","2021-05-08","37.2666666","126.9833333","35.0","SUWON, KS","  57.1"," 8","  47.6"," 8","1005.3"," 8","000.6"," 8","  5.4"," 8","  5.8"," 8"," 12.0","999.9","  69.3","*","  46.4"," "," 0.00","I","999.9","000000"
"47119099999","2021-05-09","37.2666666","126.9833333","35.0","SUWON, KS","  58.2"," 8","  42.4"," 8","1011.6"," 8","006.9"," 8"," 11.7"," 8","  6.0"," 8"," 12.0","999.9","  68.9","*","  45.9"," ","99.99"," ","999.9","010000"
"47119099999","2021-05-10","37.2666666","126.9833333","35.0","SUWON, KS","  54.0"," 8","  50.9"," 8","1014.3"," 8","009.5"," 8"," 11.7"," 8","  3.9"," 8","  8.7","999.9","  56.1","*","  47.5"," "," 0.71","F","999.9","010000"
"47119099999","2021-05-11","37.2666666","126.9833333","35.0","SUWON, KS","  66.8"," 8","  42.5"," 8","1013.4"," 8","008.8"," 8"," 12.4"," 8","  6.7"," 8","  9.7","999.9","  75.2","*","  49.3"," "," 0.00","I","999.9","000000"
"47119099999","2021-05-12","37.2666666","126.9833333","35.0","SUWON, KS","  68.1"," 8","  49.8"," 8","1011.8"," 8","007.1"," 8"," 10.0"," 8","  3.2"," 8","  7.8","999.9","  79.3","*","  58.1","*"," 0.00","I","999.9","000000"
"47119099999","2021-05-13","37.2666666","126.9833333","35.0","SUWON, KS","  70.3"," 8","  57.7"," 8","1011.7"," 8","007.1"," 8","  8.5"," 8","  2.8"," 8","  6.0","999.9","  82.8","*","  56.7"," "," 0.00","I","999.9","000000"
"47119099999","2021-05-14","37.2666666","126.9833333","35.0","SUWON, KS","  72.7"," 8","  61.7"," 8","1010.3"," 8","005.7"," 8","  8.2"," 8","  2.7"," 8","  6.8","999.9","  85.3","*","  59.2"," ","99.99"," ","999.9","010000"
"47119099999","2021-05-15","37.2666666","126.9833333","35.0","SUWON, KS","  70.5"," 8","  68.6"," 8","1004.6"," 8","000.0"," 8","  4.0"," 8","  2.6"," 8","  7.0","999.9","  72.0","*","  65.3"," "," 0.09","F","999.9","010000"
"47119099999","2021-05-16","37.2666666","126.9833333","35.0","SUWON, KS","  63.7"," 8","  63.4"," 8","1001.7"," 8","997.1"," 8","  6.1"," 8","  2.3"," 8","  2.9","999.9","  68.4","*","  58.5","*"," 1.38","F","999.9","010000"
"47119099999","2021-05-17","37.2666666","126.9833333","35.0","SUWON, KS","  58.5"," 8","  58.2"," 8","1008.8"," 8","004.0"," 8","  5.4"," 8","  2.0"," 8","  4.9","999.9","  61.2","*","  55.2","*"," 0.16","F","999.9","010000"
"47119099999","2021-05-18","37.2666666","126.9833333","35.0","SUWON, KS","  61.8"," 8","  56.2"," 8","1011.4"," 8","006.7"," 8","  9.2"," 8","  3.1"," 8","  7.0","999.9","  72.0","*","  52.2","*"," 0.00","I","999.9","000000"
"47119099999","2021-05-19","37.2666666","126.9833333","35.0","SUWON, KS","  68.1"," 8","  53.0"," 8","1011.3"," 8","006.7"," 8"," 10.6"," 8","  3.0"," 8","  7.8","999.9","  78.1","*","  51.1"," "," 0.00","I","999.9","000000"
"47119099999","2021-05-20","37.2666666","126.9833333","35.0","SUWON, KS","  63.9"," 8","  55.4"," 8","1003.2"," 8","998.5"," 8","  8.3"," 8","  4.1"," 8"," 11.7","999.9","  73.0","*","  58.1","*"," 0.08","E","999.9","010000"
"47119099999","2021-05-21","37.2666666","126.9833333","35.0","SUWON, KS","  58.3"," 8","  57.6"," 8","1008.7"," 8","004.0"," 8","  9.0"," 8","  2.8"," 8","  6.0","999.9","  62.1","*","  54.1","*"," 0.83","F","999.9","010000"
"47119099999","2021-05-22","37.2666666","126.9833333","35.0","SUWON, KS","  63.3"," 8","  55.1"," 8","1011.7"," 8","007.0"," 8","  9.2"," 8","  3.7"," 8","  9.7","999.9","  72.9","*","  53.8"," "," 0.00","I","999.9","000000"
"47119099999","2021-05-23","37.2666666","126.9833333","35.0","SUWON, KS","  66.9"," 8","  56.7"," 8","1010.2"," 8","005.6"," 8","  8.9"," 8","  3.1"," 8","  5.1","999.9","  76.1","*","  53.2"," "," 0.00","I","999.9","000000"
"47119099999","2021-05-24","37.2666666","126.9833333","35.0","SUWON, KS","  63.1"," 8","  55.2"," 8","1008.2"," 8","003.6"," 8","  5.7"," 8","  5.1"," 8","  8.9","999.9","  74.3","*","  56.3","*","99.99"," ","999.9","010000"
"47119099999","2021-05-25","37.2666666","126.9833333","35.0","SUWON, KS","  57.8"," 8","  52.7"," 8","1008.7"," 8","004.0"," 8","  8.9"," 8","  4.8"," 8"," 11.1","999.9","  64.2","*","  52.7","*"," 0.20","E","999.9","010000"
"47119099999","2021-05-26","37.2666666","126.9833333","35.0","SUWON, KS","  65.8"," 8","  50.9"," 8","1005.7"," 8","001.1"," 8"," 12.0"," 8","  4.2"," 8","  8.0","999.9","  73.8","*","  52.0"," ","99.99"," ","999.9","010010"
"47119099999","2021-05-27","37.2666666","126.9833333","35.0","SUWON, KS","  58.4"," 8","  57.2"," 8","1003.0"," 8","998.3"," 8","  4.5"," 8","  4.1"," 8","  7.0","999.9","  62.4","*","  55.8","*"," 0.26","F","999.9","010010"
"47119099999","2021-05-28","37.2666666","126.9833333","35.0","SUWON, KS","  58.5"," 8","  55.6"," 8","1001.3"," 8","996.6"," 8","  8.8"," 8","  5.2"," 8","  7.0","999.9","  65.3","*","  53.1","*"," 0.83","F","999.9","010010"
"47119099999","2021-05-29","37.2666666","126.9833333","35.0","SUWON, KS","  60.5"," 8","  53.4"," 8","1008.4"," 8","003.8"," 8"," 11.4"," 8","  3.2"," 8","  5.8","999.9","  68.9","*","  52.5","*","99.99"," ","999.9","010000"
"47119099999","2021-05-30","37.2666666","126.9833333","35.0","SUWON, KS","  68.2"," 8","  57.7"," 7","1008.9"," 8","004.2"," 8","  9.1"," 8","  4.3"," 8","  9.7","999.9","  78.8","*","  50.9"," "," 0.24","E","999.9","010010"
"47119099999","2021-05-31","37.2666666","126.9833333","35.0","SUWON, KS","  69.0"," 8","  61.2"," 7","1012.2"," 8","007.6"," 8"," 11.3"," 8","  2.7"," 8","  4.1","999.9","  76.1","*","  64.4","*"," 0.71","E","999.9","010000"
"47119099999","2021-06-01","37.2666666","126.9833333","35.0","SUWON, KS","  70.0"," 8","  61.4"," 8","1014.1"," 8","009.6"," 8","  9.3"," 8","  2.6"," 8","  6.8","999.9","  76.3","*","  62.2","*"," 0.02","E","999.9","010000"
"47119099999","2021-06-02","37.2666666","126.9833333","35.0","SUWON, KS","  74.2"," 8","  61.0"," 8","1011.4"," 8","006.8"," 8"," 10.7"," 8","  3.0"," 8","  5.1","999.9","  86.0"," ","  60.8"," "," 0.00","I","999.9","000000"
"47119099999","2021-06-03","37.2666666","126.9833333","35.0","SUWON, KS","  63.5"," 8","  61.2"," 8","1002.8"," 8","998.2"," 8","  7.1"," 8","  3.1"," 8","  6.0","999.9","  71.6","*","  55.8","*"," 0.55","E","999.9","010000"
"47119099999","2021-06-04","37.2666666","126.9833333","35.0","SUWON, KS","  65.9"," 8","  56.0"," 8","1002.0"," 8","997.4"," 8"," 11.2"," 8","  5.3"," 8","  8.9","999.9","  74.3","*","  54.7"," "," 0.16","E","999.9","000000"
"47119099999","2021-06-05","37.2666666","126.9833333","35.0","SUWON, KS","  69.5"," 8","  62.8"," 8","1002.4"," 8","997.8"," 8","  5.8"," 8","  4.5"," 8","  8.9","999.9","  77.9","*","  60.3"," "," 0.00","I","999.9","000000"
"47119099999","2021-06-06","37.2666666","126.9833333","35.0","SUWON, KS","  71.5"," 8","  64.4"," 8","1009.1"," 8","004.5"," 8","  9.6"," 8","  3.2"," 8","  5.8","999.9","  79.9","*","  63.9","*"," 0.00","I","999.9","000000"
"47119099999","2021-06-07","37.2666666","126.9833333","35.0","SUWON, KS","  71.0"," 8","  60.5"," 8","1014.7"," 8","010.0"," 8"," 10.3"," 8","  2.0"," 8","  4.1","999.9","  77.9","*","  62.2"," "," 0.00","I","999.9","000000"
"47119099999","2021-06-08","37.2666666","126.9833333","35.0","SUWON, KS","  74.0"," 8","  65.0"," 8","1015.2"," 8","010.6"," 8","  8.5"," 8","  1.8"," 8","  4.1","999.9","  82.4","*","  65.7"," "," 0.00","E","999.9","000000"
"47119099999","2021-06-09","37.2666666","126.9833333","35.0","SUWON, KS","  78.9"," 8","  66.5"," 8","1014.1"," 8","009.6"," 8","  7.1"," 8","  1.8"," 8","  4.1","999.9","  89.8","*","  67.3"," "," 0.00","I","999.9","000000"
"47119099999","2021-06-10","37.2666666","126.9833333","35.0","SUWON, KS","  76.5"," 8","  66.4"," 8","1009.8"," 8","005.3"," 8","  9.6"," 8","  5.4"," 8","  8.7","999.9","  86.4","*","  67.8","*"," 0.02","E","999.9","010000"
"47119099999","2021-06-11","37.2666666","126.9833333","35.0","SUWON, KS","  69.1"," 8","  65.9"," 8","1011.7"," 8","007.1"," 8","  6.9"," 8","  3.3"," 8","  6.8","999.9","  76.3","*","  63.0","*"," 0.59","E","999.9","100000"
"47119099999","2021-06-12","37.2666666","126.9833333","35.0","SUWON, KS","  73.7"," 8","  67.5"," 8","1011.2"," 8","006.7"," 8","  8.3"," 8","  3.4"," 8","  7.8","999.9","  82.4","*","  62.6"," "," 0.00","I","999.9","000000"
"47119099999","2021-06-13","37.2666666","126.9833333","35.0","SUWON, KS","  70.9"," 8","  66.7"," 8","1008.0"," 8","003.5"," 8","  7.0"," 8","  3.2"," 8","  6.0","999.9","  83.5","*","  63.0","*"," 0.00","I","999.9","000000"
"47119099999","2021-06-14","37.2666666","126.9833333","35.0","SUWON, KS","  73.6"," 8","  66.6"," 8","1005.5"," 8","000.9"," 8","  6.9"," 7","  3.0"," 8","  6.0","999.9","  82.8","*","  62.4"," "," 0.00","I","999.9","000000"
"47119099999","2021-06-15","37.2666666","126.9833333","35.0","SUWON, KS","  73.3"," 8","  64.6"," 8","1004.2"," 8","999.7"," 8"," 10.5"," 8","  4.4"," 8","  7.8","999.9","  78.6","*","  68.4"," "," 0.03","F","999.9","010000"
"47119099999","2021-06-16","37.2666666","126.9833333","35.0","SUWON, KS","  76.3"," 8","  60.6"," 8","1005.9"," 8","001.3"," 8"," 12.4"," 8","  7.1"," 8","  8.7","999.9","  83.7","*","  67.8"," "," 0.00","I","999.9","000000"
"47119099999","2021-06-17","37.2666666","126.9833333","35.0","SUWON, KS","  70.6"," 8","  65.0"," 8","1005.1"," 8","000.5"," 8","  8.3"," 8","  3.6"," 8","  5.8","999.9","  75.2","*","  66.2","*"," 0.00","E","999.9","010000"
"47119099999","2021-06-18","37.2666666","126.9833333","35.0","SUWON, KS","  67.1"," 8","  66.3"," 8","1001.6"," 8","997.1"," 8","  3.8"," 8","  3.1"," 8","  6.0","999.9","  69.3","*","  64.4","*"," 0.24","F","999.9","010000"
"47119099999","2021-06-19","37.2666666","126.9833333","35.0","SUWON, KS","  71.0"," 8","  64.3"," 8","1001.5"," 8","996.9"," 8","  3.6"," 8","  2.2"," 8","  5.8","999.9","  79.7","*","  62.8","*"," 0.00","I","999.9","000000"
"47119099999","2021-06-20","37.2666666","126.9833333","35.0","SUWON, KS","  73.9"," 8","  65.7"," 8","1001.8"," 8","997.2"," 8","  5.2"," 8","  5.4"," 8"," 11.7","999.9","  83.5","*","  61.9"," "," 0.00","I","999.9","000000"
"47119099999","2021-06-21","37.2666666","126.9833333","35.0","SUWON, KS","  73.6"," 8","  62.7"," 8","1006.0"," 8","001.4"," 8","  8.9"," 8","  3.8"," 8","  8.0","999.9","  82.4","*","  64.9"," ","99.99"," ","999.9","010000"
"47119099999","2021-06-22","37.2666666","126.9833333","35.0","SUWON, KS","  74.2"," 8","  61.3"," 8","1008.8"," 8","004.3"," 8"," 12.2"," 8","  4.3"," 8","  6.0","999.9","  82.4","*","  65.5"," "," 0.00","I","999.9","000000"
"47119099999","2021-06-23","37.2666666","126.9833333","35.0","SUWON, KS","  71.6"," 8","  64.2"," 8","1011.2"," 8","006.6"," 8","  9.0"," 8","  2.9"," 8","  6.8","999.9","  77.9","*","  66.2","*"," 0.01","E","999.9","010010"
"47119099999","2021-06-24","37.2666666","126.9833333","35.0","SUWON, KS","  72.4"," 8","  65.5"," 8","1011.5"," 8","006.9"," 8","  5.3"," 8","  2.5"," 8","  6.0","999.9","  80.1","*","  65.5","*"," 0.00","I","999.9","000000"
"47119099999","2021-06-25","37.2666666","126.9833333","35.0","SUWON, KS","  74.8"," 8","  66.7"," 8","1010.7"," 8","006.2"," 8","  7.3"," 8","  3.4"," 8","  7.0","999.9","  82.6","*","  64.2"," ","99.99"," ","999.9","010000"
"47119099999","2021-06-26","37.2666666","126.9833333","35.0","SUWON, KS","  73.4"," 8","  66.0"," 8","1010.1"," 8","005.5"," 8"," 11.9"," 8","  3.0"," 8","  4.1","999.9","  79.5","*","  68.4","*"," 0.28","F","999.9","010000"
"47119099999","2021-06-27","37.2666666","126.9833333","35.0","SUWON, KS","  78.2"," 8","  66.9"," 8","1006.5"," 8","002.0"," 8"," 11.7"," 8","  4.8"," 8","  7.0","999.9","  85.5","*","  67.6"," "," 0.01","E","999.9","000000"
"47119099999","2021-06-28","37.2666666","126.9833333","35.0","SUWON, KS","  74.1"," 8","  67.6"," 8","1005.2"," 8","000.7"," 8","  8.2"," 8","  2.7"," 8","  5.8","999.9","  83.3","*","  70.3"," "," 0.04","E","999.9","010000"
"47119099999","2021-06-29","37.2666666","126.9833333","35.0","SUWON, KS","  73.9"," 8","  68.8"," 8","1006.2"," 8","001.6"," 8","  4.8"," 8","  2.8"," 8","  6.0","999.9","  82.4","*","  68.9","*"," 0.04","E","999.9","010000"
"47119099999","2021-06-30","37.2666666","126.9833333","35.0","SUWON, KS","  75.5"," 8","  69.3"," 8","1007.2"," 8","002.6"," 8","  4.0"," 8","  2.0"," 8","  3.9","999.9","  82.8","*","  68.4"," ","99.99"," ","999.9","010000"
"47119099999","2021-07-01","37.2666666","126.9833333","35.0","SUWON, KS","  80.5"," 8","  70.5"," 8","1006.8"," 8","002.3"," 8","  7.1"," 8","  3.4"," 8","  7.0","999.9","  86.9","*","  68.7"," "," 0.00","I","999.9","000000"
"47119099999","2021-07-02","37.2666666","126.9833333","35.0","SUWON, KS","  81.0"," 8","  66.7"," 8","1009.0"," 8","004.5"," 8"," 11.8"," 8","  6.5"," 8","  8.0","999.9","  87.8","*","  73.6","*"," 0.00","I","999.9","000000"
"47119099999","2021-07-03","37.2666666","126.9833333","35.0","SUWON, KS","  73.5"," 8","  68.9"," 8","1003.5"," 8","998.9"," 8","  9.2"," 8","  8.4"," 8"," 12.0","999.9","  78.8","*","  69.4","*"," 0.91","E","999.9","010000"
"47119099999","2021-07-04","37.2666666","126.9833333","35.0","SUWON, KS","  70.9"," 8","  69.7"," 8","1007.4"," 8","002.8"," 8","  9.2"," 8","  3.8"," 8","  7.0","999.9","  74.3","*","  69.1"," "," 0.88","F","999.9","010000"
"47119099999","2021-07-05","37.2666666","126.9833333","35.0","SUWON, KS","  75.3"," 8","  70.0"," 8","1009.0"," 8","004.4"," 8","  6.8"," 8","  1.8"," 8","  2.9","999.9","  80.8","*","  68.4"," "," 0.00","I","999.9","000000"
"47119099999","2021-07-06","37.2666666","126.9833333","35.0","SUWON, KS","  78.1"," 8","  72.2"," 8","1007.4"," 8","002.9"," 8","  4.6"," 8","  2.1"," 8","  4.1","999.9","  84.2","*","  69.8"," ","99.99"," ","999.9","010000"
"47119099999","2021-07-07","37.2666666","126.9833333","35.0","SUWON, KS","  78.1"," 8","  74.5"," 8","1006.5"," 8","002.0"," 8","  8.8"," 8","  2.2"," 8","  4.9","999.9","  83.5","*","  73.4"," "," 0.59","F","999.9","010000"
"47119099999","2021-07-08","37.2666666","126.9833333","35.0","SUWON, KS","  77.4"," 8","  73.2"," 8","1005.2"," 8","000.8"," 8"," 10.2"," 8","  3.3"," 8","  8.0","999.9","  86.4","*","  73.0","*"," 0.51","E","999.9","000000"
"47119099999","2021-07-09","37.2666666","126.9833333","35.0","SUWON, KS","  77.4"," 8","  72.0"," 8","1006.0"," 8","001.5"," 8"," 11.3"," 8","  3.6"," 8","  6.0","999.9","  83.3","*","  72.5"," ","99.99"," ","999.9","010000"
"47119099999","2021-07-10","37.2666666","126.9833333","35.0","SUWON, KS","  79.3"," 8","  73.8"," 8","1008.2"," 8","003.7"," 8","  7.3"," 8","  4.7"," 8"," 10.7","999.9","  84.6","*","  72.3"," "," 0.08","E","999.9","010000"
"47119099999","2021-07-11","37.2666666","126.9833333","35.0","SUWON, KS","  78.6"," 8","  74.7"," 8","1010.3"," 8","005.8"," 8","  9.2"," 8","  3.4"," 8","  6.8","999.9","  84.2","*","  74.7","*"," 0.01","E","999.9","010000"
"47119099999","2021-07-12","37.2666666","126.9833333","35.0","SUWON, KS","  82.3"," 8","  76.3"," 8","1009.7"," 8","005.2"," 8","  5.4"," 8","  2.2"," 8","  4.9","999.9","  90.5","*","  73.9"," "," 0.00","I","999.9","000000"
"47119099999","2021-07-13","37.2666666","126.9833333","35.0","SUWON, KS","  83.8"," 8","  76.0"," 8","1010.3"," 8","005.9"," 8"," 11.9"," 8","  2.8"," 8","  6.0","999.9","  89.2","*","  77.0","*"," 0.00","I","999.9","000000"
"47119099999","2021-07-14","37.2666666","126.9833333","35.0","SUWON, KS","  84.8"," 8","  76.1"," 8","1012.6"," 8","008.1"," 8"," 12.4"," 8","  3.3"," 8","  6.8","999.9","  90.9","*","  76.8"," "," 0.00","I","999.9","000000"
"47119099999","2021-07-15","37.2666666","126.9833333","35.0","SUWON, KS","  83.4"," 8","  74.7"," 8","1015.0"," 8","010.5"," 8"," 12.3"," 8","  4.3"," 8","  9.7","999.9","  91.4","*","  77.2","*","99.99"," ","999.9","010000"
"47119099999","2021-07-16","37.2666666","126.9833333","35.0","SUWON, KS","  82.0"," 8","  74.4"," 8","1013.7"," 8","009.2"," 8","  9.6"," 8","  3.3"," 8","  7.0","999.9","  94.1","*","  74.1","*"," 0.35","E","999.9","010000"
"47119099999","2021-07-17","37.2666666","126.9833333","35.0","SUWON, KS","  83.8"," 8","  72.2"," 8","1011.7"," 8","007.2"," 8"," 12.4"," 8","  4.9"," 8","  7.0","999.9","  90.5","*","  73.6"," "," 0.51","E","999.9","000000"
"47119099999","2021-07-18","37.2666666","126.9833333","35.0","SUWON, KS","  82.6"," 8","  72.5"," 8","1011.6"," 8","007.1"," 8"," 12.4"," 8","  3.1"," 8","  7.8","999.9","  89.6","*","  75.0","*"," 0.00","I","999.9","000000"
"47119099999","2021-07-19","37.2666666","126.9833333","35.0","SUWON, KS","  80.1"," 8","  74.8"," 8","1013.9"," 8","009.4"," 8"," 11.7"," 8","  1.9"," 8","  3.9","999.9","  88.7","*","  74.8"," "," 1.02","F","999.9","010000"
"47119099999","2021-07-20","37.2666666","126.9833333","35.0","SUWON, KS","  83.1","20","  75.8","20","1014.0","20","009.5","20","  9.8","20","  1.4","20","  3.9","999.9","  90.0","*","  74.1"," "," 0.00","I","999.9","000000"
"47119099999","2021-07-21","37.2666666","126.9833333","35.0","SUWON, KS","  87.1","10","  72.7","10","1012.7","10","008.2","10"," 12.4","10","  3.3","10","  7.0","999.9","  94.6","*","  76.3"," "," 0.00","I","999.9","000000"
"47119099999","2021-07-22","37.2666666","126.9833333","35.0","SUWON, KS","  87.1"," 8","  71.4"," 8","1010.4"," 8","006.0"," 8"," 12.4"," 8","  3.9"," 8","  7.0","999.9","  94.6","*","  78.6"," "," 0.00","I","999.9","000000"
"47119099999","2021-07-23","37.2666666","126.9833333","35.0","SUWON, KS","  86.2"," 8","  74.0"," 8","1009.1"," 8","004.7"," 8","  9.6"," 8","  2.5"," 8","  4.1","999.9","  95.0","*","  78.3","*"," 0.00","I","999.9","000000"
"47119099999","2021-07-24","37.2666666","126.9833333","35.0","SUWON, KS","  87.5"," 8","  72.3"," 8","1007.8"," 8","003.4"," 8"," 11.5"," 8","  3.2"," 8","  5.8","999.9","  95.4","*","  77.9"," "," 0.00","I","999.9","000000"
"47119099999","2021-07-25","37.2666666","126.9833333","35.0","SUWON, KS","  87.6"," 8","  71.8"," 8","1006.0"," 8","001.5"," 8"," 12.2"," 8","  4.7"," 8","  7.8","999.9","  94.1","*","  79.2"," "," 0.00","I","999.9","000000"
"47119099999","2021-07-26","37.2666666","126.9833333","35.0","SUWON, KS","  86.3"," 8","  71.6"," 8","1004.2"," 8","999.7"," 8"," 12.4"," 8","  3.1"," 8","  6.8","999.9","  94.1","*","  79.7","*"," 0.00","I","999.9","000000"
"47119099999","2021-07-27","37.2666666","126.9833333","35.0","SUWON, KS","  86.8"," 8","  73.7"," 8","1002.9"," 8","998.4"," 8"," 12.4"," 8","  3.7"," 8","  6.0","999.9","  93.6","*","  78.8"," "," 0.00","I","999.9","000000"
"47119099999","2021-07-28","37.2666666","126.9833333","35.0","SUWON, KS","  83.9"," 8","  76.9"," 8","1002.5"," 8","998.1"," 8","  8.0"," 8","  2.8"," 8","  5.8","999.9","  92.1","*","  78.1","*"," 0.31","E","999.9","010000"
"47119099999","2021-07-29","37.2666666","126.9833333","35.0","SUWON, KS","  82.9"," 8","  75.1"," 8","1001.9"," 8","997.4"," 8","  9.0"," 8","  2.9"," 8","  6.8","999.9","  90.0","*","  77.2"," "," 0.00","I","999.9","000000"
"47119099999","2021-07-30","37.2666666","126.9833333","35.0","SUWON, KS","  86.2"," 8","  75.5"," 8","1000.3"," 8","995.9"," 8"," 11.7"," 8","  4.0"," 8","  6.0","999.9","  94.5","*","  75.9"," ","99.99"," ","999.9","010000"
"47119099999","2021-07-31","37.2666666","126.9833333","35.0","SUWON, KS","  83.8"," 8","  75.9"," 8","1000.8"," 8","996.3"," 8","  9.9"," 8","  3.0"," 8","  6.0","999.9","  92.3","*","  77.9","*"," 0.12","E","999.9","000000"
"47119099999","2021-08-01","37.2666666","126.9833333","35.0","SUWON, KS","  80.0"," 8","  77.3"," 8","1001.1"," 8","996.7"," 8","  7.6"," 8","  1.8"," 8","  2.9","999.9","  83.7","*","  76.3","*"," 0.39","E","999.9","010000"
"47119099999","2021-08-02","37.2666666","126.9833333","35.0","SUWON, KS","  78.3","24","  75.2","24","1005.0","24","000.5","24","  9.0","24","  1.6","24","  5.1","999.9","  82.8","*","  74.3","*"," 0.20","F","999.9","010000"
"47119099999","2021-08-03","37.2666666","126.9833333","35.0","SUWON, KS","  82.4","24","  76.8","24","1008.7","24","004.2","24"," 11.6","24","  2.3","24","  5.8","999.9","  87.4","*","  73.9"," ","99.99"," ","999.9","010000"
"47119099999","2021-08-04","37.2666666","126.9833333","35.0","SUWON, KS","  83.2","24","  74.6","24","1008.4","24","004.0","24"," 10.7","24","  3.2","24","  7.0","999.9","  90.7","*","  77.2","*"," 0.00","I","999.9","000000"
"47119099999","2021-08-05","37.2666666","126.9833333","35.0","SUWON, KS","  84.5","24","  74.7","24","1005.5","24","001.0","24"," 10.8","24","  3.0","24","  8.0","999.9","  92.3","*","  76.8"," "," 0.00","I","999.9","000000"
"47119099999","2021-08-06","37.2666666","126.9833333","35.0","SUWON, KS","  81.5","24","  72.0","24","1003.5","24","999.1","24"," 12.3","24","  3.6","24"," 11.7","999.9","  91.2","*","  72.9","*","99.99"," ","999.9","010000"
"47119099999","2021-08-07","37.2666666","126.9833333","35.0","SUWON, KS","  81.9","24","  73.2","24","1003.4","24","999.0","24"," 11.7","24","  3.0","24","  7.0","999.9","  89.6","*","  72.3"," "," 0.00","I","999.9","000000"
"47119099999","2021-08-08","37.2666666","126.9833333","35.0","SUWON, KS","  80.6","24","  72.4","24","1003.0","24","998.5","24"," 12.4","24","  3.8","24"," 14.0","999.9","  89.6","*","  73.6","*","99.99"," ","999.9","010000"
"47119099999","2021-08-09","37.2666666","126.9833333","35.0","SUWON, KS","  83.5","24","  68.3","24","1004.5","24","000.1","24"," 12.4","24","  4.9","24","  8.0","999.9","  91.6","*","  72.7"," "," 0.00","I","999.9","000000"
"47119099999","2021-08-10","37.2666666","126.9833333","35.0","SUWON, KS","  81.4","24","  71.8","24","1008.9","24","004.4","24"," 10.7","24","  3.6","24","  8.0","999.9","  89.1","*","  75.4","*"," 0.00","I","999.9","000000"
"47119099999","2021-08-11","37.2666666","126.9833333","35.0","SUWON, KS","  80.5","24","  72.8","24","1010.3","24","005.8","24","  5.5","24","  2.6","24","  7.0","999.9","  89.6"," ","  73.9","*"," 0.08","E","999.9","010000"
"47119099999","2021-08-12","37.2666666","126.9833333","35.0","SUWON, KS","  81.6","24","  71.7","24","1008.5","24","004.0","24","  7.1","24","  2.7","24","  6.0","999.9","  88.2","*","  73.6"," ","99.99"," ","999.9","010000"
"47119099999","2021-08-13","37.2666666","126.9833333","35.0","SUWON, KS","  81.2","24","  70.9","24","1006.3","24","001.8","24"," 12.1","24","  2.9","24","  4.1","999.9","  85.6","*","  74.7"," "," 0.00","I","999.9","000000"
"47119099999","2021-08-14","37.2666666","126.9833333","35.0","SUWON, KS","  79.0","24","  66.3","24","1009.9","24","005.4","24"," 12.4","24","  4.0","24","  8.0","999.9","  86.0","*","  72.9","*"," 0.00","I","999.9","000000"
"47119099999","2021-08-15","37.2666666","126.9833333","35.0","SUWON, KS","  81.1","24","  67.4","24","1014.5","24","010.0","24"," 12.4","24","  4.5","24","  7.0","999.9","  88.7","*","  72.7"," "," 0.00","I","999.9","000000"
"47119099999","2021-08-16","37.2666666","126.9833333","35.0","SUWON, KS","  81.0","24","  66.0","24","1013.1","24","008.5","24"," 12.3","24","  4.6","24","  7.0","999.9","  88.7","*","  73.6"," "," 0.00","I","999.9","000000"
"47119099999","2021-08-17","37.2666666","126.9833333","35.0","SUWON, KS","  77.4","24","  66.6","24","1009.8","24","005.3","24"," 11.9","24","  4.0","24","  8.0","999.9","  87.8","*","  68.0","*"," 0.04","E","999.9","010010"
"47119099999","2021-08-18","37.2666666","126.9833333","35.0","SUWON, KS","  75.1","24","  66.7","24","1010.9","24","006.3","24"," 11.9","24","  3.7","24","  6.0","999.9","  85.6","*","  68.0"," "," 1.22","F","999.9","010010"
"47119099999","2021-08-19","37.2666666","126.9833333","35.0","SUWON, KS","  78.9","24","  66.3","24","1012.1","24","007.6","24"," 12.4","24","  4.6","24","  7.0","999.9","  87.1","*","  69.8"," ","99.99"," ","999.9","010000"
"47119099999","2021-08-20","37.2666666","126.9833333","35.0","SUWON, KS","  78.8","24","  71.2","24","1009.9","24","005.4","24"," 10.7","24","  3.4","24","  6.0","999.9","  86.9","*","  71.1"," "," 0.02","F","999.9","010000"
"47119099999","2021-08-21","37.2666666","126.9833333","35.0","SUWON, KS","  75.1","24","  72.4","24","1003.3","24","998.8","24"," 11.1","24","  6.3","24"," 13.0","999.9","  81.5","*","  72.3","*"," 1.14","F","999.9","010000"
"47119099999","2021-08-22","37.2666666","126.9833333","35.0","SUWON, KS","  75.6","24","  71.0","24","1009.8","24","005.2","24","  7.0","24","  3.0","24","  7.0","999.9","  81.0","*","  70.7","*","99.99"," ","999.9","010000"
"47119099999","2021-08-23","37.2666666","126.9833333","35.0","SUWON, KS","  72.4","24","  70.8","24","1005.7","24","001.2","24","  9.2","24","  5.3","24","  8.9","999.9","  75.6","*","  69.8","*"," 0.51","E","999.9","010000"
"47119099999","2021-08-24","37.2666666","126.9833333","35.0","SUWON, KS","  76.3","24","  74.9","24","1001.4","24","996.9","24","  9.3","24","  4.4","24","  9.9","999.9","  80.1","*","  71.2"," "," 0.55","F","999.9","010000"
"47119099999","2021-08-25","37.2666666","126.9833333","35.0","SUWON, KS","  75.2","24","  73.5","24","1008.4","24","003.8","24","  9.0","24","  3.2","24","  5.1","999.9","  77.7","*","  72.9","*"," 0.09","F","999.9","010000"
"47119099999","2021-08-26","37.2666666","126.9833333","35.0","SUWON, KS","  78.4","24","  75.3","24","1012.9","24","008.3","24","  4.7","24","  3.9","24","  7.0","999.9","  82.4","*","  72.7"," ","99.99"," ","999.9","010000"
"47119099999","2021-08-27","37.2666666","126.9833333","35.0","SUWON, KS","  69.6","24","  67.9","24","1014.1","24","009.5","24","  7.6","24","  1.3","24","  2.9","999.9","  74.1","*","  66.7","*"," 0.15","F","999.9","110000"
"47119099999","2021-08-28","37.2666666","126.9833333","35.0","SUWON, KS","  73.7","24","  69.5","24","1014.3","24","009.7","24","  6.3","24","  2.8","24","  5.8","999.9","  80.6","*","  66.2","*","99.99"," ","999.9","010000"
"47119099999","2021-08-29","37.2666666","126.9833333","35.0","SUWON, KS","  72.9","24","  70.0","24","1014.9","24","010.4","24","  6.3","24","  1.9","24","  4.1","999.9","  79.0","*","  66.2"," "," 0.31","E","999.9","010000"
"47119099999","2021-08-30","37.2666666","126.9833333","35.0","SUWON, KS","  75.3","24","  71.0","24","1016.3","24","011.7","24","  4.5","24","  1.8","24","  4.1","999.9","  80.6","*","  69.6"," ","99.99"," ","999.9","010000"
"47119099999","2021-08-31","37.2666666","126.9833333","35.0","SUWON, KS","  68.8","24","  67.7","24","1012.2","24","007.6","24","  5.6","24","  3.4","24","  6.0","999.9","  75.7","*","  65.7","*"," 1.24","F","999.9","010000"
"47119099999","2021-09-01","37.2666666","126.9833333","35.0","SUWON, KS","  71.7","24","  66.9","24","1010.2","24","005.6","24"," 12.2","24","  2.9","24","  7.0","999.9","  74.1","*","  66.7"," "," 3.22","F","999.9","010000"
"47119099999","2021-09-02","37.2666666","126.9833333","35.0","SUWON, KS","  74.1","24","  65.6","24","1009.6","24","005.0","24"," 12.4","24","  4.1","24","  8.0","999.9","  79.5","*","  68.7","*"," 0.00","I","999.9","000000"
"47119099999","2021-09-03","37.2666666","126.9833333","35.0","SUWON, KS","  75.4","24","  61.0","24","1011.2","24","006.6","24"," 12.4","24","  3.2","24","  6.0","999.9","  84.4","*","  66.2","*"," 0.00","I","999.9","000000"
"47119099999","2021-09-04","37.2666666","126.9833333","35.0","SUWON, KS","  74.4","24","  58.9","24","1016.5","24","011.9","24"," 12.4","24","  4.3","24","  6.0","999.9","  81.5","*","  64.8","*"," 0.00","I","999.9","000000"
"47119099999","2021-09-05","37.2666666","126.9833333","35.0","SUWON, KS","  74.2","24","  61.4","24","1018.8","24","014.2","24"," 12.4","24","  4.4","24","  6.0","999.9","  79.7","*","  64.4"," "," 0.00","I","999.9","000000"
"47119099999","2021-09-06","37.2666666","126.9833333","35.0","SUWON, KS","  69.8","24","  63.7","24","1014.3","24","009.7","24","  9.7","24","  6.8","24"," 11.1","999.9","  78.8","*","  63.9","*"," 0.39","E","999.9","010000"
"47119099999","2021-09-07","37.2666666","126.9833333","35.0","SUWON, KS","  69.4","24","  69.2","24","1007.6","24","003.1","24","  5.4","24","  3.8","24","  6.0","999.9","  72.5","*","  64.4"," "," 0.87","F","999.9","010000"
"47119099999","2021-09-08","37.2666666","126.9833333","35.0","SUWON, KS","  71.3","24","  66.3","24","1012.4","24","007.8","24"," 10.3","24","  2.9","24","  7.0","999.9","  80.2","*","  64.9","*"," 0.12","E","999.9","010000"
"47119099999","2021-09-09","37.2666666","126.9833333","35.0","SUWON, KS","  73.8","24","  67.8","24","1013.7","24","009.2","24","  6.4","24","  1.9","24","  4.1","999.9","  83.3","*","  64.9"," "," 0.00","I","999.9","000000"
"47119099999","2021-09-10","37.2666666","126.9833333","35.0","SUWON, KS","  74.2","24","  68.9","24","1013.6","24","009.0","24","  7.0","24","  2.3","24","  6.0","999.9","  82.8","*","  67.1","*"," 0.00","I","999.9","000000"
"47119099999","2021-09-11","37.2666666","126.9833333","35.0","SUWON, KS","  74.6","24","  67.3","24","1012.4","24","007.9","24","  9.3","24","  2.7","24","  7.0","999.9","  84.7","*","  65.7","*"," 0.00","I","999.9","000000"
"47119099999","2021-09-12","37.2666666","126.9833333","35.0","SUWON, KS","  76.1","24","  66.7","24","1014.4","24","009.9","24"," 11.5","24","  3.5","24","  5.1","999.9","  84.9","*","  65.5"," "," 0.00","I","999.9","000000"
"47119099999","2021-09-13","37.2666666","126.9833333","35.0","SUWON, KS","  76.2","24","  64.9","24","1016.5","24","011.9","24"," 12.2","24","  4.8","24","  8.0","999.9","  84.6","*","  68.5"," "," 0.00","I","999.9","000000"
"47119099999","2021-09-14","37.2666666","126.9833333","35.0","SUWON, KS","  74.6","24","  61.0","24","1015.7","24","011.1","24"," 12.4","24","  5.0","24","  8.7","999.9","  81.9","*","  67.3"," "," 0.00","I","999.9","000000"
"47119099999","2021-09-15","37.2666666","126.9833333","35.0","SUWON, KS","  73.9","24","  58.1","24","1015.8","24","011.2","24"," 12.4","24","  5.7","24","  9.9","999.9","  83.7","*","  64.9","*"," 0.00","I","999.9","000000"
"47119099999","2021-09-16","37.2666666","126.9833333","35.0","SUWON, KS","  74.8","24","  61.0","24","1011.4","24","006.8","24"," 12.4","24","  5.1","24","  9.9","999.9","  80.6","*","  63.9"," ","99.99"," ","999.9","010000"
"47119099999","2021-09-17","37.2666666","126.9833333","35.0","SUWON, KS","  72.6","24","  60.5","24","1010.8","24","006.2","24"," 12.4","24","  3.5","24","  8.7","999.9","  81.7","*","  62.8","*"," 0.00","I","999.9","000000"
"47119099999","2021-09-18","37.2666666","126.9833333","35.0","SUWON, KS","  74.5","24","  65.4","24","1015.6","24","011.1","24"," 12.3","24","  2.6","24","  7.0","999.9","  83.3","*","  62.1"," "," 0.00","I","999.9","000000"
"47119099999","2021-09-19","37.2666666","126.9833333","35.0","SUWON, KS","  74.4","24","  63.8","24","1015.0","24","010.5","24"," 12.4","24","  3.3","24","  5.1","999.9","  82.0","*","  66.4","*"," 0.00","I","999.9","000000"
"47119099999","2021-09-20","37.2666666","126.9833333","35.0","SUWON, KS","  75.0","24","  64.7","24","1008.8","24","004.2","24"," 10.5","24","  6.7","24","  9.9","999.9","  81.7","*","  66.2"," ","99.99"," ","999.9","010010"
"47119099999","2021-09-21","37.2666666","126.9833333","35.0","SUWON, KS","  71.5","23","  67.7","22","1005.9","23","001.3","23","  9.9","23","  4.1","23","  7.0","999.9","  78.6","*","  64.8","*"," 1.19","F","999.9","010010"
"47119099999","2021-09-22","37.2666666","126.9833333","35.0","SUWON, KS","  68.2","24","  60.9","24","1011.5","24","006.8","24"," 11.7","23","  4.5","24","  9.9","999.9","  77.4","*","  60.6","*"," 0.62","F","999.9","010000"
"47119099999","2021-09-23","37.2666666","126.9833333","35.0","SUWON, KS","  68.2","24","  59.1","24","1019.3","24","014.6","24"," 11.7","24","  4.0","24","  8.9","999.9","  75.7","*","  59.9"," "," 0.00","I","999.9","000000"
"47119099999","2021-09-24","37.2666666","126.9833333","35.0","SUWON, KS","  72.3","24","  59.6","24","1023.3","24","018.6","24"," 12.4","24","  3.9","24","  8.0","999.9","  81.0","*","  59.9"," "," 0.00","I","999.9","000000"
"47119099999","2021-09-25","37.2666666","126.9833333","35.0","SUWON, KS","  71.4","24","  61.7","24","1023.0","24","018.3","24"," 12.4","24","  3.5","24","  6.0","999.9","  75.0","*","  64.2"," ","99.99"," ","999.9","010000"
"47119099999","2021-09-26","37.2666666","126.9833333","35.0","SUWON, KS","  72.8","24","  58.4","24","1019.2","24","014.6","24"," 12.4","24","  5.1","24","  7.0","999.9","  79.7","*","  66.4"," "," 0.00","I","999.9","000000"
"47119099999","2021-09-27","37.2666666","126.9833333","35.0","SUWON, KS","  71.6","24","  61.4","24","1015.2","24","010.6","24"," 12.4","24","  4.7","24","  7.0","999.9","  76.8","*","  66.2"," ","99.99"," ","999.9","010000"
"47119099999","2021-09-28","37.2666666","126.9833333","35.0","SUWON, KS","  71.1","24","  64.6","24","1011.1","24","006.5","24","  8.8","24","  3.6","24","  7.0","999.9","  76.5","*","  67.6"," "," 0.04","F","999.9","010000"
"47119099999","2021-09-29","37.2666666","126.9833333","35.0","SUWON, KS","  66.7","24","  65.3","24","1008.8","24","004.1","24","  8.1","24","  2.4","24","  6.0","999.9","  72.7","*","  60.8","*"," 0.47","F","999.9","010000"
"47119099999","2021-09-30","37.2666666","126.9833333","35.0","SUWON, KS","  68.8","24","  63.0","24","1009.3","24","004.7","24","  7.4","24","  2.0","24","  5.1","999.9","  79.7","*","  60.4"," "," 0.00","I","999.9","100000"
"47119099999","2021-10-01","37.2666666","126.9833333","35.0","SUWON, KS","  69.5","24","  61.9","24","1010.3","24","005.7","24","  8.8","24","  3.6","24","  7.0","999.9","  81.3","*","  59.7"," ","99.99"," ","999.9","010010"
"47119099999","2021-10-02","37.2666666","126.9833333","35.0","SUWON, KS","  69.6","24","  62.9","24","1015.9","24","011.3","24","  7.4","24","  2.0","24","  5.1","999.9","  79.3","*","  60.8"," "," 0.31","E","999.9","000000"
"47119099999","2021-10-03","37.2666666","126.9833333","35.0","SUWON, KS","  71.9","24","  61.1","24","1019.3","24","014.7","24"," 10.2","24","  2.7","24","  6.8","999.9","  83.7","*","  62.2"," "," 0.00","I","999.9","000000"
"47119099999","2021-10-04","37.2666666","126.9833333","35.0","SUWON, KS","  76.1","24","  68.4","24","1020.4","24","015.8","24"," 10.5","24","  5.3","24","  8.9","999.9","  80.1","*","  63.3"," ","99.99"," ","999.9","010000"
"47119099999","2021-10-05","37.2666666","126.9833333","35.0","SUWON, KS","  74.9","24","  67.6","24","1020.7","24","016.1","24","  9.3","24","  4.5","24","  9.9","999.9","  81.1","*","  68.0","*","99.99"," ","999.9","010000"
"47119099999","2021-10-06","37.2666666","126.9833333","35.0","SUWON, KS","  69.1","24","  64.4","24","1018.2","24","013.6","24"," 10.6","24","  4.4","24","  7.8","999.9","  73.4","*","  66.2","*"," 0.03","F","999.9","010000"
"47119099999","2021-10-07","37.2666666","126.9833333","35.0","SUWON, KS","  67.8","24","  63.8","24","1018.0","24","013.4","24","  9.9","24","  2.3","24","  7.8","999.9","  73.4","*","  64.4","*"," 0.12","E","999.9","010000"
"47119099999","2021-10-08","37.2666666","126.9833333","35.0","SUWON, KS","  68.7","24","  64.6","24","1022.2","24","017.5","24","  6.9","24","  2.0","24","  4.1","999.9","  70.7","*","  64.4"," "," 0.11","F","999.9","010000"
"47119099999","2021-10-09","37.2666666","126.9833333","35.0","SUWON, KS","  73.9","24","  66.1","24","1020.6","24","016.0","24"," 10.4","24","  3.4","24","  7.0","999.9","  80.2","*","  67.1"," "," 0.01","E","999.9","010000"
"47119099999","2021-10-10","37.2666666","126.9833333","35.0","SUWON, KS","  65.5","24","  60.5","24","1019.1","24","014.4","24","  9.0","24","  4.4","24","  8.0","999.9","  78.8","*","  55.9","*"," 0.35","E","999.9","010000"
"47119099999","2021-10-11","37.2666666","126.9833333","35.0","SUWON, KS","  63.7","24","  51.5","24","1022.4","24","017.7","24"," 12.4","24","  3.4","24","  7.0","999.9","  66.0","*","  55.9"," "," 0.00","E","999.9","000000"
"47119099999","2021-10-12","37.2666666","126.9833333","35.0","SUWON, KS","  63.1","24","  52.5","24","1025.8","24","021.1","24"," 12.4","24","  4.2","24","  8.0","999.9","  66.7","*","  57.7","*","99.99"," ","999.9","010000"
"47119099999","2021-10-13","37.2666666","126.9833333","35.0","SUWON, KS","  67.6","24","  57.5","24","1022.7","24","018.0","24"," 12.3","24","  3.5","24","  9.9","999.9","  75.2","*","  57.4"," "," 0.00","I","999.9","000000"
"47119099999","2021-10-14","37.2666666","126.9833333","35.0","SUWON, KS","  66.9","24","  58.8","24","1018.8","24","014.2","24"," 12.0","24","  3.0","24","  7.0","999.9","  74.3","*","  59.9"," ","99.99"," ","999.9","010000"
"47119099999","2021-10-15","37.2666666","126.9833333","35.0","SUWON, KS","  65.7","24","  54.0","24","1019.2","24","014.5","24"," 12.1","24","  3.5","24","  8.0","999.9","  70.7","*","  58.6","*"," 0.02","F","999.9","010000"
"47119099999","2021-10-16","37.2666666","126.9833333","35.0","SUWON, KS","  45.6","24","  22.7","24","1026.5","24","021.6","24"," 12.4","24","  7.9","24","  9.9","999.9","  59.0","*","  34.7","*"," 0.00","I","999.9","000000"
"47119099999","2021-10-17","37.2666666","126.9833333","35.0","SUWON, KS","  42.9","24","  21.7","24","1027.6","24","022.6","24"," 12.4","24","  3.0","24","  6.0","999.9","  51.6","*","  34.5"," "," 0.00","I","999.9","000000"
"47119099999","2021-10-18","37.2666666","126.9833333","35.0","SUWON, KS","  54.1","24","  42.7","24","1022.0","24","017.2","24","  9.0","24","  3.0","24","  5.1","999.9","  60.4","*","  35.2"," ","99.99"," ","999.9","010000"
"47119099999","2021-10-19","37.2666666","126.9833333","35.0","SUWON, KS","  48.8","24","  39.4","24","1021.0","24","016.1","24"," 10.1","24","  3.9","24","  8.9","999.9","  59.5","*","  38.7","*"," 0.43","E","999.9","000000"
"47119099999","2021-10-20","37.2666666","126.9833333","35.0","SUWON, KS","  48.1","24","  39.0","24","1021.4","24","016.5","24","  9.2","24","  2.0","24","  5.1","999.9","  59.9","*","  38.3"," "," 0.00","I","999.9","000000"
"47119099999","2021-10-21","37.2666666","126.9833333","35.0","SUWON, KS","  48.5","24","  37.7","24","1020.6","24","015.7","24","  8.5","24","  2.5","24","  5.1","999.9","  59.5","*","  38.1","*"," 0.00","I","999.9","000000"
"47119099999","2021-10-22","37.2666666","126.9833333","35.0","SUWON, KS","  50.6","24","  36.9","24","1025.0","24","020.1","24"," 10.6","24","  3.0","24","  8.0","999.9","  61.9","*","  37.2"," "," 0.00","I","999.9","000000"
"47119099999","2021-10-23","37.2666666","126.9833333","35.0","SUWON, KS","  50.1","24","  39.1","24","1028.7","24","023.8","24","  8.0","24","  2.1","24","  5.1","999.9","  63.5","*","  38.7"," "," 0.00","I","999.9","000000"
"47119099999","2021-10-24","37.2666666","126.9833333","35.0","SUWON, KS","  51.1","24","  41.9","24","1025.8","24","021.0","24","  9.4","24","  2.1","24","  5.1","999.9","  63.5","*","  39.4"," "," 0.00","I","999.9","000000"
"47119099999","2021-10-25","37.2666666","126.9833333","35.0","SUWON, KS","  51.8","24","  42.8","24","1022.7","24","017.9","24","  9.0","24","  2.1","24","  6.0","999.9","  63.5","*","  40.5"," "," 0.00","I","999.9","000000"
"47119099999","2021-10-26","37.2666666","126.9833333","35.0","SUWON, KS","  55.6","24","  48.2","24","1020.0","24","015.2","24","  4.8","24","  2.3","24","  6.0","999.9","  64.8","*","  41.7"," ","99.99"," ","999.9","110000"
"47119099999","2021-10-27","37.2666666","126.9833333","35.0","SUWON, KS","  52.8","24","  39.5","24","1021.2","24","016.4","24"," 10.7","24","  3.7","24","  8.0","999.9","  64.8","*","  40.5","*"," 0.01","E","999.9","000000"
"47119099999","2021-10-28","37.2666666","126.9833333","35.0","SUWON, KS","  55.5","24","  39.3","24","1024.8","24","020.0","24"," 12.4","24","  2.0","24","  4.1","999.9","  67.1","*","  39.7"," "," 0.00","I","999.9","000000"
"47119099999","2021-10-29","37.2666666","126.9833333","35.0","SUWON, KS","  58.5","24","  43.3","24","1024.6","24","019.9","24"," 12.3","24","  3.2","24","  8.0","999.9","  68.2","*","  48.6"," "," 0.00","I","999.9","000000"
"47119099999","2021-10-30","37.2666666","126.9833333","35.0","SUWON, KS","  55.4","24","  46.2","24","1024.5","24","019.7","24","  9.2","24","  1.7","24","  5.1","999.9","  65.7","*","  46.0","*"," 0.00","I","999.9","000000"
"47119099999","2021-10-31","37.2666666","126.9833333","35.0","SUWON, KS","  56.9","24","  50.1","24","1024.1","24","019.2","24","  7.0","24","  1.7","24","  6.0","999.9","  66.6","*","  45.5"," "," 0.00","I","999.9","000000"
"47119099999","2021-11-01","37.2666666","126.9833333","35.0","SUWON, KS","  52.5","24","  46.1","24","1023.9","24","019.0","24","  6.6","24","  3.0","24","  8.0","999.9","  62.4","*","  44.6","*"," 0.00","I","999.9","000000"
"47119099999","2021-11-02","37.2666666","126.9833333","35.0","SUWON, KS","  51.0","24","  44.3","24","1021.8","24","017.0","24","  6.1","24","  1.9","24","  6.0","999.9","  61.2","*","  42.6","*"," 0.00","I","999.9","000000"
"47119099999","2021-11-03","37.2666666","126.9833333","35.0","SUWON, KS","  53.8","24","  46.0","24","1019.7","24","014.8","24","  4.5","24","  2.1","24","  6.0","999.9","  61.9","*","  41.9"," ","99.99"," ","999.9","110000"
"47119099999","2021-11-04","37.2666666","126.9833333","35.0","SUWON, KS","  51.6","24","  48.2","24","1021.3","24","016.5","24","  3.4","24","  1.6","24","  4.1","999.9","  62.2","*","  42.4","*"," 0.03","E","999.9","100000"
"47119099999","2021-11-05","37.2666666","126.9833333","35.0","SUWON, KS","  54.0","24","  42.2","24","1021.1","24","016.3","24","  6.1","24","  2.0","24","  6.0","999.9","  68.0","*","  41.5"," "," 0.00","I","999.9","000000"
"47119099999","2021-11-06","37.2666666","126.9833333","35.0","SUWON, KS","  56.3","24","  42.0","24","1021.7","24","016.9","24","  7.3","24","  1.9","24","  5.1","999.9","  70.2","*","  43.5","*"," 0.00","I","999.9","000000"
"47119099999","2021-11-07","37.2666666","126.9833333","35.0","SUWON, KS","  62.5","24","  46.4","24","1016.1","24","011.4","24"," 11.2","24","  5.7","24","  9.9","999.9","  69.4","*","  43.2"," ","99.99"," ","999.9","010000"
"47119099999","2021-11-08","37.2666666","126.9833333","35.0","SUWON, KS","  42.8","24","  40.3","24","1013.5","24","008.6","24","  9.4","24","  5.3","24"," 13.6","999.9","  50.9","*","  38.7","*"," 1.30","F","999.9","010000"
"47119099999","2021-11-09","37.2666666","126.9833333","35.0","SUWON, KS","  39.9","24","  37.5","24","1009.8","24","004.9","24","  9.8","24","  2.7","24","  6.0","999.9","  44.2","*","  32.7","*"," 1.06","F","999.9","011000"
"47119099999","2021-11-10","37.2666666","126.9833333","35.0","SUWON, KS","  41.6","24","  33.3","24","1009.8","24","004.9","24"," 12.0","24","  3.9","24","  8.0","999.9","  47.5","*","  32.5"," "," 0.02","E","999.9","010000"
"47119099999","2021-11-11","37.2666666","126.9833333","35.0","SUWON, KS","  41.7","24","  31.3","24","1013.6","24","008.7","24"," 12.1","24","  4.5","24","  9.9","999.9","  48.7","*","  33.8","*"," 0.04","E","999.9","010000"
"47119099999","2021-11-12","37.2666666","126.9833333","35.0","SUWON, KS","  40.1","24","  28.4","24","1018.9","24","013.9","24"," 12.3","24","  3.4","24","  9.9","999.9","  47.7","*","  33.4"," "," 0.00","I","999.9","000000"
"47119099999","2021-11-13","37.2666666","126.9833333","35.0","SUWON, KS","  49.0","24","  39.5","24","1018.5","24","013.7","24"," 10.8","24","  2.5","24","  5.1","999.9","  56.5","*","  33.3"," "," 0.00","I","999.9","000000"
"47119099999","2021-11-14","37.2666666","126.9833333","35.0","SUWON, KS","  50.0","24","  41.9","24","1019.4","24","014.6","24","  5.0","24","  2.3","24","  9.9","999.9","  61.9","*","  38.7","*"," 0.00","I","999.9","000000"
"47119099999","2021-11-15","37.2666666","126.9833333","35.0","SUWON, KS","  47.8","24","  39.0","24","1023.0","24","018.0","24","  7.8","24","  2.0","24","  5.8","999.9","  59.9","*","  37.6","*"," 0.00","I","999.9","000000"
"47119099999","2021-11-16","37.2666666","126.9833333","35.0","SUWON, KS","  44.9","24","  35.9","24","1025.6","24","020.6","24","  8.8","24","  2.3","24","  8.0","999.9","  57.0","*","  34.5","*"," 0.00","I","999.9","000000"
"47119099999","2021-11-17","37.2666666","126.9833333","35.0","SUWON, KS","  46.7","24","  32.7","24","1022.6","24","017.7","24"," 10.8","24","  2.3","24","  5.8","999.9","  54.0","*","  34.2"," ","99.99"," ","999.9","010000"
"47119099999","2021-11-18","37.2666666","126.9833333","35.0","SUWON, KS","  54.3","24","  48.7","24","1018.0","24","013.2","24","  4.9","24","  3.9","24","  8.7","999.9","  62.1","*","  42.3"," "," 0.00","I","999.9","000000"
"47119099999","2021-11-19","37.2666666","126.9833333","35.0","SUWON, KS","  53.5","24","  50.0","24","1019.2","24","014.4","24","  1.9","24","  2.3","24","  7.0","999.9","  62.2","*","  45.5","*"," 0.00","I","999.9","100000"
"47119099999","2021-11-20","37.2666666","126.9833333","35.0","SUWON, KS","  49.6","24","  43.5","24","1021.3","24","016.4","24","  2.1","24","  1.6","24","  4.1","999.9","  60.3","*","  43.7","*"," 0.00","I","999.9","100000"
"47119099999","2021-11-21","37.2666666","126.9833333","35.0","SUWON, KS","  49.7","24","  40.5","24","1015.0","24","010.2","24","  5.0","24","  4.6","24"," 15.9","999.9","  57.7","*","  39.7","*","99.99"," ","999.9","010000"
"47119099999","2021-11-22","37.2666666","126.9833333","35.0","SUWON, KS","  35.2","24","  22.6","24","1018.3","24","013.3","24"," 12.3","24","  6.9","24"," 15.0","999.9","  42.4","*","  27.9","*"," 0.20","E","999.9","001000"
"47119099999","2021-11-23","37.2666666","126.9833333","35.0","SUWON, KS","  32.7","24","  24.3","24","1019.1","24","014.1","24"," 12.3","24","  3.9","24","  9.9","999.9","  36.0","*","  26.8"," ","99.99"," ","999.9","001000"
"47119099999","2021-11-24","37.2666666","126.9833333","35.0","SUWON, KS","  39.2","24","  35.4","24","1017.0","24","012.0","24","  7.8","24","  1.8","24","  4.1","999.9","  44.4","*","  27.5"," "," 0.04","E","999.9","011000"
"47119099999","2021-11-25","37.2666666","126.9833333","35.0","SUWON, KS","  41.0","24","  26.4","24","1021.9","24","017.0","24"," 11.3","24","  3.6","24","  8.0","999.9","  51.6","*","  29.7","*"," 0.01","E","999.9","000000"
"47119099999","2021-11-26","37.2666666","126.9833333","35.0","SUWON, KS","  37.1","24","  25.2","24","1029.9","24","024.9","24"," 11.4","24","  2.7","24","  7.0","999.9","  47.5","*","  28.6","*"," 0.00","I","999.9","000000"
"47119099999","2021-11-27","37.2666666","126.9833333","35.0","SUWON, KS","  36.2","24","  24.2","24","1035.6","24","030.5","24","  7.4","24","  1.7","24","  5.1","999.9","  48.6","*","  26.4","*"," 0.00","I","999.9","000000"
"47119099999","2021-11-28","37.2666666","126.9833333","35.0","SUWON, KS","  41.2","24","  26.5","24","1032.5","24","027.5","24","  7.8","24","  1.2","24","  4.1","999.9","  52.7","*","  26.2"," "," 0.00","I","999.9","000000"
"47119099999","2021-11-29","37.2666666","126.9833333","35.0","SUWON, KS","  46.8","24","  37.5","24","1022.3","24","017.4","24","  7.0","24","  1.9","24","  5.1","999.9","  55.6","*","  31.8"," ","99.99"," ","999.9","010000"
"47119099999","2021-11-30","37.2666666","126.9833333","35.0","SUWON, KS","  39.3","24","  30.4","24","1013.4","24","008.4","24"," 10.6","24"," 10.1","24"," 15.9","999.9","  48.9","*","  30.2","*"," 1.38","F","999.9","010000"
"47119099999","2021-12-01","37.2666666","126.9833333","35.0","SUWON, KS","  29.6","24","  14.7","24","1024.1","24","019.0","24"," 12.4","24","  6.2","24"," 13.0","999.9","  34.7","*","  23.7","*"," 0.00","I","999.9","000000"
"47119099999","2021-12-02","37.2666666","126.9833333","35.0","SUWON, KS","  38.2","24","  30.7","24","1017.3","24","012.3","24"," 10.4","24","  4.3","24","  8.9","999.9","  42.6","*","  23.2"," "," 0.01","E","999.9","010000"
"47119099999","2021-12-03","37.2666666","126.9833333","35.0","SUWON, KS","  34.1","24","  16.9","24","1022.3","24","017.3","24"," 12.3","24","  5.1","24"," 11.1","999.9","  40.3","*","  26.4","*"," 0.08","E","999.9","000000"
"47119099999","2021-12-04","37.2666666","126.9833333","35.0","SUWON, KS","  34.3","24","  21.0","24","1028.3","24","023.2","24"," 12.1","24","  2.7","24","  6.8","999.9","  44.8","*","  25.3","*"," 0.00","I","999.9","000000"
"47119099999","2021-12-05","37.2666666","126.9833333","35.0","SUWON, KS","  36.6","24","  24.9","24","1029.0","24","024.0","24","  8.3","24","  1.5","24","  4.1","999.9","  49.1","*","  24.8"," "," 0.00","I","999.9","000000"
"47119099999","2021-12-06","37.2666666","126.9833333","35.0","SUWON, KS","  42.1","24","  30.2","24","1027.8","24","022.8","24","  8.5","24","  1.5","24","  4.1","999.9","  54.0","*","  27.5"," "," 0.00","I","999.9","000000"
"47119099999","2021-12-07","37.2666666","126.9833333","35.0","SUWON, KS","  42.1","24","  33.6","24","1030.9","24","025.9","24","  5.8","24","  1.8","24","  5.1","999.9","  54.5","*","  32.7"," "," 0.00","I","999.9","000000"
"47119099999","2021-12-08","37.2666666","126.9833333","35.0","SUWON, KS","  42.5","24","  33.8","24","1032.4","24","027.4","24","  7.0","24","  1.4","24","  2.9","999.9","  55.8","*","  32.0"," "," 0.00","I","999.9","000000"
"47119099999","2021-12-09","37.2666666","126.9833333","35.0","SUWON, KS","  46.9","24","  36.1","24","1027.8","24","022.9","24"," 10.8","24","  2.8","24","  4.1","999.9","  51.8","*","  32.4"," ","99.99"," ","999.9","010000"
"47119099999","2021-12-10","37.2666666","126.9833333","35.0","SUWON, KS","  43.5","24","  41.4","24","1026.2","24","021.2","24","  4.0","24","  1.9","24","  7.0","999.9","  49.5","*","  36.9","*"," 0.03","E","999.9","010000"
"47119099999","2021-12-11","37.2666666","126.9833333","35.0","SUWON, KS","  42.2","24","  37.6","24","1025.8","24","020.8","24","  3.6","24","  2.2","24","  6.0","999.9","  48.7","*","  35.6","*"," 0.00","I","999.9","000000"
"47119099999","2021-12-12","37.2666666","126.9833333","35.0","SUWON, KS","  31.3","24","  13.8","24","1028.3","24","023.1","24"," 11.4","24","  6.6","24","  9.9","999.9","  41.7","*","  22.1","*"," 0.00","I","999.9","000000"
"47119099999","2021-12-13","37.2666666","126.9833333","35.0","SUWON, KS","  31.2","24","  12.7","24","1027.2","24","022.1","24"," 12.2","24","  3.3","24","  7.0","999.9","  35.1","*","  21.9"," "," 0.00","I","999.9","000000"
"47119099999","2021-12-14","37.2666666","126.9833333","35.0","SUWON, KS","  41.6","23","  35.2","23","1020.5","23","015.6","23","  7.4","23","  3.0","23","  5.1","999.9","  45.0","*","  29.3"," "," 0.01","E","999.9","010000"
"47119099999","2021-12-15","37.2666666","126.9833333","35.0","SUWON, KS","  42.0","24","  40.1","24","1021.1","24","016.1","24","  1.7","24","  1.4","24","  4.1","999.9","  50.9","*","  36.0","*"," 0.20","F","999.9","110000"
"47119099999","2021-12-16","37.2666666","126.9833333","35.0","SUWON, KS","  40.3","24","  29.3","24","1019.2","24","014.2","24","  5.3","24","  5.2","24"," 10.7","999.9","  50.0","*","  27.0","*"," 0.00","I","999.9","100000"
"47119099999","2021-12-17","37.2666666","126.9833333","35.0","SUWON, KS","  19.3","24","   1.9","24","1028.0","24","022.7","24"," 12.4","24","  8.2","24"," 15.9","999.9","  26.6","*","  13.1","*"," 0.00","I","999.9","000000"
"47119099999","2021-12-18","37.2666666","126.9833333","35.0","SUWON, KS","  26.8","24","  18.6","24","1023.9","24","018.8","24"," 10.4","24","  4.0","24","  7.0","999.9","  33.1","*","  12.0"," "," 0.02","E","999.9","001000"
"47119099999","2021-12-19","37.2666666","126.9833333","35.0","SUWON, KS","  32.9","24","  24.3","24","1021.8","24","016.7","24"," 11.6","24","  2.8","24","  6.0","999.9","  38.7","*","  19.4"," "," 0.08","E","999.9","011000"
"47119099999","2021-12-20","37.2666666","126.9833333","35.0","SUWON, KS","  43.2","24","  36.8","24","1016.5","24","011.6","24","  4.9","24","  2.7","24","  8.7","999.9","  52.0","*","  30.0"," "," 0.00","I","999.9","000000"
"47119099999","2021-12-21","37.2666666","126.9833333","35.0","SUWON, KS","  38.0","24","  25.6","24","1020.0","24","015.1","24","  9.0","24","  2.6","24","  6.0","999.9","  50.9","*","  26.2","*"," 0.00","I","999.9","100000"
"47119099999","2021-12-22","37.2666666","126.9833333","35.0","SUWON, KS","  34.2","24","  20.9","24","1024.7","24","019.6","24","  9.1","24","  1.7","24","  4.1","999.9","  46.4","*","  25.7","*"," 0.00","I","999.9","000000"
"47119099999","2021-12-23","37.2666666","126.9833333","35.0","SUWON, KS","  37.5","24","  24.3","24","1024.2","24","019.2","24","  6.7","24","  1.5","24","  2.9","999.9","  47.3","*","  25.2"," "," 0.00","I","999.9","000001"
"47119099999","2021-12-24","37.2666666","126.9833333","35.0","SUWON, KS","  26.6","24","  13.5","24","1025.9","24","020.7","24","  9.4","24","  6.5","24","  9.7","999.9","  40.1","*","  10.9","*","99.99"," ","999.9","010000"
"47119099999","2021-12-25","37.2666666","126.9833333","35.0","SUWON, KS","  11.3","24","  -7.8","24","1034.8","24","029.4","24"," 12.4","24","  7.4","24","  9.9","999.9","  18.7","*","   6.6","*"," 0.00","I","999.9","000000"
"47119099999","2021-12-26","37.2666666","126.9833333","35.0","SUWON, KS","  13.3","24","  -4.2","24","1034.3","24","029.0","24"," 12.4","24","  4.5","24","  8.7","999.9","  20.3","*","   6.3"," "," 0.00","I","999.9","000000"
"47119099999","2021-12-27","37.2666666","126.9833333","35.0","SUWON, KS","  20.7","24","  13.3","24","1031.0","24","025.8","24","  9.5","24","  2.3","24","  6.0","999.9","  25.9","*","   8.2"," ","99.99"," ","999.9","001000"
"47119099999","2021-12-28","37.2666666","126.9833333","35.0","SUWON, KS","  29.2","24","  22.2","24","1025.8","24","020.7","24","  5.6","24","  1.7","24","  4.1","999.9","  33.8","*","  16.3"," ","99.99"," ","999.9","001000"
"47119099999","2021-12-29","37.2666666","126.9833333","35.0","SUWON, KS","  32.5","24","  23.1","24","1021.4","24","016.4","24","  8.6","24","  5.3","24"," 12.0","999.9","  42.8","*","  21.2","*"," 0.08","E","999.9","010000"
"47119099999","2021-12-30","37.2666666","126.9833333","35.0","SUWON, KS","  25.4","24","   7.7","24","1027.9","24","022.7","24"," 12.4","24","  6.0","24","  9.7","999.9","  30.9","*","  18.1","*"," 0.00","I","999.9","000000"
"47119099999","2021-12-31","37.2666666","126.9833333","35.0","SUWON, KS","  19.5","24","  -0.6","24","1033.2","24","027.9","24"," 12.4","24","  4.3","24"," 11.1","999.9","  25.7","*","  11.5","*"," 0.00","I","999.9","000000"
